[INFO] Scanning for projects...
[INFO] 
[INFO] ------------------< com.petclinic:pet-clinic-backend >------------------
[INFO] Building Pet Clinic Backend 1.0.0-SNAPSHOT
[INFO]   from pom.xml
[INFO] --------------------------------[ jar ]---------------------------------
[INFO] 
[INFO] >>> spring-boot:3.2.1:run (default-cli) > test-compile @ pet-clinic-backend >>>
[WARNING] The artifact mysql:mysql-connector-java:jar:8.0.33 has been relocated to com.mysql:mysql-connector-j:jar:8.0.33: MySQL Connector/J artifacts moved to reverse-DNS compliant Maven 2+ coordinates.
[INFO] 
[INFO] --- jacoco:0.8.11:prepare-agent (default) @ pet-clinic-backend ---
[INFO] argLine set to "-javaagent:/Users/Vivek/.m2/repository/org/jacoco/org.jacoco.agent/0.8.11/org.jacoco.agent-0.8.11-runtime.jar=destfile=/Users/Vivek/Desktop/Cloud & Devops/pet-clinic-cicd-pipeline/pet-clinic-app/pet-clinic-backend/target/jacoco.exec"
[INFO] 
[INFO] --- resources:3.3.1:resources (default-resources) @ pet-clinic-backend ---
[INFO] Copying 2 resources from src/main/resources to target/classes
[INFO] Copying 2 resources from src/main/resources to target/classes
[INFO] 
[INFO] --- compiler:3.11.0:compile (default-compile) @ pet-clinic-backend ---
[INFO] Nothing to compile - all classes are up to date
[INFO] 
[INFO] --- resources:3.3.1:testResources (default-testResources) @ pet-clinic-backend ---
[INFO] Copying 1 resource from src/test/resources to target/test-classes
[INFO] 
[INFO] --- compiler:3.11.0:testCompile (default-testCompile) @ pet-clinic-backend ---
[INFO] Nothing to compile - all classes are up to date
[INFO] 
[INFO] <<< spring-boot:3.2.1:run (default-cli) < test-compile @ pet-clinic-backend <<<
[INFO] 
[INFO] 
[INFO] --- spring-boot:3.2.1:run (default-cli) @ pet-clinic-backend ---
[INFO] Attaching agents: []

  .   ____          _            __ _ _
 /\\ / ___'_ __ _ _(_)_ __  __ _ \ \ \ \
( ( )\___ | '_ | '_| | '_ \/ _` | \ \ \ \
 \\/  ___)| |_)| | | | | || (_| |  ) ) ) )
  '  |____| .__|_| |_|_| |_\__, | / / / /
 =========|_|==============|___/=/_/_/_/
 :: Spring Boot ::                (v3.2.1)

2026-01-29T12:57:10.036+05:30  INFO 58195 --- [pet-clinic-backend] [  restartedMain] c.p.backend.PetClinicBackendApplication  : Starting PetClinicBackendApplication using Java 21.0.1 with PID 58195 (/Users/Vivek/Desktop/Cloud & Devops/pet-clinic-cicd-pipeline/pet-clinic-app/pet-clinic-backend/target/classes started by Vivek in /Users/Vivek/Desktop/Cloud & Devops/pet-clinic-cicd-pipeline/pet-clinic-app/pet-clinic-backend)
2026-01-29T12:57:10.036+05:30 DEBUG 58195 --- [pet-clinic-backend] [  restartedMain] c.p.backend.PetClinicBackendApplication  : Running with Spring Boot v3.2.1, Spring v6.1.2
2026-01-29T12:57:10.037+05:30  INFO 58195 --- [pet-clinic-backend] [  restartedMain] c.p.backend.PetClinicBackendApplication  : The following 1 profile is active: "dev"
2026-01-29T12:57:10.060+05:30  INFO 58195 --- [pet-clinic-backend] [  restartedMain] .e.DevToolsPropertyDefaultsPostProcessor : Devtools property defaults active! Set 'spring.devtools.add-properties' to 'false' to disable
2026-01-29T12:57:10.060+05:30  INFO 58195 --- [pet-clinic-backend] [  restartedMain] .e.DevToolsPropertyDefaultsPostProcessor : For additional web related logging consider setting the 'logging.level.web' property to 'DEBUG'
2026-01-29T12:57:10.443+05:30  INFO 58195 --- [pet-clinic-backend] [  restartedMain] .s.d.r.c.RepositoryConfigurationDelegate : Bootstrapping Spring Data JPA repositories in DEFAULT mode.
2026-01-29T12:57:10.466+05:30  INFO 58195 --- [pet-clinic-backend] [  restartedMain] .s.d.r.c.RepositoryConfigurationDelegate : Finished Spring Data repository scanning in 20 ms. Found 4 JPA repository interfaces.
2026-01-29T12:57:10.804+05:30  INFO 58195 --- [pet-clinic-backend] [  restartedMain] o.s.b.w.embedded.tomcat.TomcatWebServer  : Tomcat initialized with port 8081 (http)
2026-01-29T12:57:10.811+05:30  INFO 58195 --- [pet-clinic-backend] [  restartedMain] o.apache.catalina.core.StandardService   : Starting service [Tomcat]
2026-01-29T12:57:10.811+05:30  INFO 58195 --- [pet-clinic-backend] [  restartedMain] o.apache.catalina.core.StandardEngine    : Starting Servlet engine: [Apache Tomcat/10.1.17]
2026-01-29T12:57:10.825+05:30  INFO 58195 --- [pet-clinic-backend] [  restartedMain] o.a.c.c.C.[Tomcat].[localhost].[/api]    : Initializing Spring embedded WebApplicationContext
2026-01-29T12:57:10.826+05:30  INFO 58195 --- [pet-clinic-backend] [  restartedMain] w.s.c.ServletWebServerApplicationContext : Root WebApplicationContext: initialization completed in 765 ms
2026-01-29T12:57:10.930+05:30  INFO 58195 --- [pet-clinic-backend] [  restartedMain] com.zaxxer.hikari.HikariDataSource       : HikariPool-1 - Starting...
2026-01-29T12:57:11.046+05:30  INFO 58195 --- [pet-clinic-backend] [  restartedMain] com.zaxxer.hikari.pool.HikariPool        : HikariPool-1 - Added connection com.mysql.cj.jdbc.ConnectionImpl@14cf87ee
2026-01-29T12:57:11.047+05:30  INFO 58195 --- [pet-clinic-backend] [  restartedMain] com.zaxxer.hikari.HikariDataSource       : HikariPool-1 - Start completed.
2026-01-29T12:57:11.091+05:30  INFO 58195 --- [pet-clinic-backend] [  restartedMain] o.hibernate.jpa.internal.util.LogHelper  : HHH000204: Processing PersistenceUnitInfo [name: default]
2026-01-29T12:57:11.118+05:30  INFO 58195 --- [pet-clinic-backend] [  restartedMain] org.hibernate.Version                    : HHH000412: Hibernate ORM core version 6.4.1.Final
2026-01-29T12:57:11.131+05:30  INFO 58195 --- [pet-clinic-backend] [  restartedMain] o.h.c.internal.RegionFactoryInitiator    : HHH000026: Second-level cache disabled
2026-01-29T12:57:11.219+05:30  INFO 58195 --- [pet-clinic-backend] [  restartedMain] o.s.o.j.p.SpringPersistenceUnitInfo      : No LoadTimeWeaver setup: ignoring JPA class transformer
2026-01-29T12:57:11.273+05:30  WARN 58195 --- [pet-clinic-backend] [  restartedMain] org.hibernate.orm.deprecation            : HHH90000025: MySQL8Dialect does not need to be specified explicitly using 'hibernate.dialect' (remove the property setting and it will be selected by default)
2026-01-29T12:57:11.273+05:30  WARN 58195 --- [pet-clinic-backend] [  restartedMain] org.hibernate.orm.deprecation            : HHH90000026: MySQL8Dialect has been deprecated; use org.hibernate.dialect.MySQLDialect instead
2026-01-29T12:57:11.672+05:30  INFO 58195 --- [pet-clinic-backend] [  restartedMain] o.h.e.t.j.p.i.JtaPlatformInitiator       : HHH000489: No JTA platform available (set 'hibernate.transaction.jta.platform' to enable JTA platform integration)
2026-01-29T12:57:11.753+05:30  INFO 58195 --- [pet-clinic-backend] [  restartedMain] j.LocalContainerEntityManagerFactoryBean : Initialized JPA EntityManagerFactory for persistence unit 'default'
2026-01-29T12:57:11.937+05:30  INFO 58195 --- [pet-clinic-backend] [  restartedMain] o.s.d.j.r.query.QueryEnhancerFactory     : Hibernate is in classpath; If applicable, HQL parser will be used.
2026-01-29T12:57:12.713+05:30  WARN 58195 --- [pet-clinic-backend] [  restartedMain] JpaBaseConfiguration$JpaWebConfiguration : spring.jpa.open-in-view is enabled by default. Therefore, database queries may be performed during view rendering. Explicitly configure spring.jpa.open-in-view to disable this warning
2026-01-29T12:57:12.730+05:30  WARN 58195 --- [pet-clinic-backend] [  restartedMain] .s.s.UserDetailsServiceAutoConfiguration : 

Using generated security password: 095ebeea-e65e-42ea-890b-626bb769a520

This generated password is for development use only. Your security configuration must be updated before running your application in production.

2026-01-29T12:57:12.934+05:30  INFO 58195 --- [pet-clinic-backend] [  restartedMain] o.s.b.a.e.web.EndpointLinksResolver      : Exposing 3 endpoint(s) beneath base path '/actuator'
2026-01-29T12:57:12.968+05:30  INFO 58195 --- [pet-clinic-backend] [  restartedMain] o.s.s.web.DefaultSecurityFilterChain     : Will secure any request with [org.springframework.security.web.session.DisableEncodeUrlFilter@2aef4e04, org.springframework.security.web.context.request.async.WebAsyncManagerIntegrationFilter@310a2146, org.springframework.security.web.context.SecurityContextHolderFilter@4cf7f50f, org.springframework.security.web.header.HeaderWriterFilter@6c49c14, org.springframework.web.filter.CorsFilter@79b8f01a, org.springframework.security.web.authentication.logout.LogoutFilter@7cf75b48, org.springframework.security.web.savedrequest.RequestCacheAwareFilter@6d16e0ad, org.springframework.security.web.servletapi.SecurityContextHolderAwareRequestFilter@41c54d1c, org.springframework.security.web.authentication.AnonymousAuthenticationFilter@406a411a, org.springframework.security.web.session.SessionManagementFilter@5073af3a, org.springframework.security.web.access.ExceptionTranslationFilter@23b3bfbb, org.springframework.security.web.access.intercept.AuthorizationFilter@759e220a]
2026-01-29T12:57:13.140+05:30  INFO 58195 --- [pet-clinic-backend] [  restartedMain] o.s.b.d.a.OptionalLiveReloadServer       : LiveReload server is running on port 35729
2026-01-29T12:57:13.171+05:30  INFO 58195 --- [pet-clinic-backend] [  restartedMain] o.s.b.w.embedded.tomcat.TomcatWebServer  : Tomcat started on port 8081 (http) with context path '/api'
2026-01-29T12:57:13.178+05:30  INFO 58195 --- [pet-clinic-backend] [  restartedMain] c.p.backend.PetClinicBackendApplication  : Started PetClinicBackendApplication in 3.308 seconds (process running for 3.483)
2026-01-29T12:57:14.125+05:30  INFO 58195 --- [pet-clinic-backend] [nio-8081-exec-1] o.a.c.c.C.[Tomcat].[localhost].[/api]    : Initializing Spring DispatcherServlet 'dispatcherServlet'
2026-01-29T12:57:14.125+05:30  INFO 58195 --- [pet-clinic-backend] [nio-8081-exec-1] o.s.web.servlet.DispatcherServlet        : Initializing Servlet 'dispatcherServlet'
2026-01-29T12:57:14.126+05:30  INFO 58195 --- [pet-clinic-backend] [nio-8081-exec-1] o.s.web.servlet.DispatcherServlet        : Completed initialization in 1 ms
2026-01-29T12:57:14.135+05:30 DEBUG 58195 --- [pet-clinic-backend] [nio-8081-exec-1] o.s.security.web.FilterChainProxy        : Securing GET /actuator/health
2026-01-29T12:57:14.139+05:30 DEBUG 58195 --- [pet-clinic-backend] [nio-8081-exec-1] o.s.s.w.a.AnonymousAuthenticationFilter  : Set SecurityContextHolder to anonymous SecurityContext
2026-01-29T12:57:14.141+05:30 DEBUG 58195 --- [pet-clinic-backend] [nio-8081-exec-1] o.s.security.web.FilterChainProxy        : Secured GET /actuator/health
2026-01-29T12:57:26.707+05:30 DEBUG 58195 --- [pet-clinic-backend] [nio-8081-exec-3] o.s.security.web.FilterChainProxy        : Securing GET /owners?page=0&size=100
2026-01-29T12:57:26.710+05:30 DEBUG 58195 --- [pet-clinic-backend] [nio-8081-exec-3] o.s.s.w.a.AnonymousAuthenticationFilter  : Set SecurityContextHolder to anonymous SecurityContext
2026-01-29T12:57:26.711+05:30 DEBUG 58195 --- [pet-clinic-backend] [nio-8081-exec-3] o.s.security.web.FilterChainProxy        : Secured GET /owners?page=0&size=100
Hibernate: 
    select
        o1_0.id,
        o1_0.address,
        o1_0.city,
        o1_0.created_at,
        o1_0.email,
        o1_0.first_name,
        o1_0.last_name,
        o1_0.telephone,
        o1_0.updated_at 
    from
        owners o1_0 
    limit
        ?, ?
Hibernate: 
    select
        p1_0.owner_id,
        p1_0.id,
        p1_0.birth_date,
        p1_0.breed,
        p1_0.created_at,
        p1_0.medical_history,
        p1_0.name,
        p1_0.species,
        p1_0.updated_at 
    from
        pets p1_0 
    where
        p1_0.owner_id=?
Hibernate: 
    select
        v1_0.pet_id,
        v1_0.id,
        v1_0.cost,
        v1_0.created_at,
        v1_0.description,
        v1_0.diagnosis,
        v1_0.treatment,
        v1_0.updated_at,
        v1_0.veterinarian_id,
        v1_0.visit_date 
    from
        visits v1_0 
    where
        v1_0.pet_id=?
Hibernate: 
    select
        v1_0.pet_id,
        v1_0.id,
        v1_0.cost,
        v1_0.created_at,
        v1_0.description,
        v1_0.diagnosis,
        v1_0.treatment,
        v1_0.updated_at,
        v1_0.veterinarian_id,
        v1_0.visit_date 
    from
        visits v1_0 
    where
        v1_0.pet_id=?
Hibernate: 
    select
        v1_0.pet_id,
        v1_0.id,
        v1_0.cost,
        v1_0.created_at,
        v1_0.description,
        v1_0.diagnosis,
        v1_0.treatment,
        v1_0.updated_at,
        v1_0.veterinarian_id,
        v1_0.visit_date 
    from
        visits v1_0 
    where
        v1_0.pet_id=?
Hibernate: 
    select
        p1_0.owner_id,
        p1_0.id,
        p1_0.birth_date,
        p1_0.breed,
        p1_0.created_at,
        p1_0.medical_history,
        p1_0.name,
        p1_0.species,
        p1_0.updated_at 
    from
        pets p1_0 
    where
        p1_0.owner_id=?
Hibernate: 
    select
        v1_0.pet_id,
        v1_0.id,
        v1_0.cost,
        v1_0.created_at,
        v1_0.description,
        v1_0.diagnosis,
        v1_0.treatment,
        v1_0.updated_at,
        v1_0.veterinarian_id,
        v1_0.visit_date 
    from
        visits v1_0 
    where
        v1_0.pet_id=?
Hibernate: 
    select
        v1_0.pet_id,
        v1_0.id,
        v1_0.cost,
        v1_0.created_at,
        v1_0.description,
        v1_0.diagnosis,
        v1_0.treatment,
        v1_0.updated_at,
        v1_0.veterinarian_id,
        v1_0.visit_date 
    from
        visits v1_0 
    where
        v1_0.pet_id=?
Hibernate: 
    select
        v1_0.pet_id,
        v1_0.id,
        v1_0.cost,
        v1_0.created_at,
        v1_0.description,
        v1_0.diagnosis,
        v1_0.treatment,
        v1_0.updated_at,
        v1_0.veterinarian_id,
        v1_0.visit_date 
    from
        visits v1_0 
    where
        v1_0.pet_id=?
Hibernate: 
    select
        p1_0.owner_id,
        p1_0.id,
        p1_0.birth_date,
        p1_0.breed,
        p1_0.created_at,
        p1_0.medical_history,
        p1_0.name,
        p1_0.species,
        p1_0.updated_at 
    from
        pets p1_0 
    where
        p1_0.owner_id=?
Hibernate: 
    select
        v1_0.pet_id,
        v1_0.id,
        v1_0.cost,
        v1_0.created_at,
        v1_0.description,
        v1_0.diagnosis,
        v1_0.treatment,
        v1_0.updated_at,
        v1_0.veterinarian_id,
        v1_0.visit_date 
    from
        visits v1_0 
    where
        v1_0.pet_id=?
Hibernate: 
    select
        v1_0.pet_id,
        v1_0.id,
        v1_0.cost,
        v1_0.created_at,
        v1_0.description,
        v1_0.diagnosis,
        v1_0.treatment,
        v1_0.updated_at,
        v1_0.veterinarian_id,
        v1_0.visit_date 
    from
        visits v1_0 
    where
        v1_0.pet_id=?
Hibernate: 
    select
        v1_0.pet_id,
        v1_0.id,
        v1_0.cost,
        v1_0.created_at,
        v1_0.description,
        v1_0.diagnosis,
        v1_0.treatment,
        v1_0.updated_at,
        v1_0.veterinarian_id,
        v1_0.visit_date 
    from
        visits v1_0 
    where
        v1_0.pet_id=?
Hibernate: 
    select
        p1_0.owner_id,
        p1_0.id,
        p1_0.birth_date,
        p1_0.breed,
        p1_0.created_at,
        p1_0.medical_history,
        p1_0.name,
        p1_0.species,
        p1_0.updated_at 
    from
        pets p1_0 
    where
        p1_0.owner_id=?
Hibernate: 
    select
        v1_0.pet_id,
        v1_0.id,
        v1_0.cost,
        v1_0.created_at,
        v1_0.description,
        v1_0.diagnosis,
        v1_0.treatment,
        v1_0.updated_at,
        v1_0.veterinarian_id,
        v1_0.visit_date 
    from
        visits v1_0 
    where
        v1_0.pet_id=?
Hibernate: 
    select
        v1_0.pet_id,
        v1_0.id,
        v1_0.cost,
        v1_0.created_at,
        v1_0.description,
        v1_0.diagnosis,
        v1_0.treatment,
        v1_0.updated_at,
        v1_0.veterinarian_id,
        v1_0.visit_date 
    from
        visits v1_0 
    where
        v1_0.pet_id=?
Hibernate: 
    select
        p1_0.owner_id,
        p1_0.id,
        p1_0.birth_date,
        p1_0.breed,
        p1_0.created_at,
        p1_0.medical_history,
        p1_0.name,
        p1_0.species,
        p1_0.updated_at 
    from
        pets p1_0 
    where
        p1_0.owner_id=?
Hibernate: 
    select
        v1_0.pet_id,
        v1_0.id,
        v1_0.cost,
        v1_0.created_at,
        v1_0.description,
        v1_0.diagnosis,
        v1_0.treatment,
        v1_0.updated_at,
        v1_0.veterinarian_id,
        v1_0.visit_date 
    from
        visits v1_0 
    where
        v1_0.pet_id=?
Hibernate: 
    select
        v1_0.pet_id,
        v1_0.id,
        v1_0.cost,
        v1_0.created_at,
        v1_0.description,
        v1_0.diagnosis,
        v1_0.treatment,
        v1_0.updated_at,
        v1_0.veterinarian_id,
        v1_0.visit_date 
    from
        visits v1_0 
    where
        v1_0.pet_id=?
Hibernate: 
    select
        p1_0.owner_id,
        p1_0.id,
        p1_0.birth_date,
        p1_0.breed,
        p1_0.created_at,
        p1_0.medical_history,
        p1_0.name,
        p1_0.species,
        p1_0.updated_at 
    from
        pets p1_0 
    where
        p1_0.owner_id=?
Hibernate: 
    select
        v1_0.pet_id,
        v1_0.id,
        v1_0.cost,
        v1_0.created_at,
        v1_0.description,
        v1_0.diagnosis,
        v1_0.treatment,
        v1_0.updated_at,
        v1_0.veterinarian_id,
        v1_0.visit_date 
    from
        visits v1_0 
    where
        v1_0.pet_id=?
Hibernate: 
    select
        v1_0.pet_id,
        v1_0.id,
        v1_0.cost,
        v1_0.created_at,
        v1_0.description,
        v1_0.diagnosis,
        v1_0.treatment,
        v1_0.updated_at,
        v1_0.veterinarian_id,
        v1_0.visit_date 
    from
        visits v1_0 
    where
        v1_0.pet_id=?
Hibernate: 
    select
        p1_0.owner_id,
        p1_0.id,
        p1_0.birth_date,
        p1_0.breed,
        p1_0.created_at,
        p1_0.medical_history,
        p1_0.name,
        p1_0.species,
        p1_0.updated_at 
    from
        pets p1_0 
    where
        p1_0.owner_id=?
Hibernate: 
    select
        v1_0.pet_id,
        v1_0.id,
        v1_0.cost,
        v1_0.created_at,
        v1_0.description,
        v1_0.diagnosis,
        v1_0.treatment,
        v1_0.updated_at,
        v1_0.veterinarian_id,
        v1_0.visit_date 
    from
        visits v1_0 
    where
        v1_0.pet_id=?
Hibernate: 
    select
        v1_0.pet_id,
        v1_0.id,
        v1_0.cost,
        v1_0.created_at,
        v1_0.description,
        v1_0.diagnosis,
        v1_0.treatment,
        v1_0.updated_at,
        v1_0.veterinarian_id,
        v1_0.visit_date 
    from
        visits v1_0 
    where
        v1_0.pet_id=?
Hibernate: 
    select
        p1_0.owner_id,
        p1_0.id,
        p1_0.birth_date,
        p1_0.breed,
        p1_0.created_at,
        p1_0.medical_history,
        p1_0.name,
        p1_0.species,
        p1_0.updated_at 
    from
        pets p1_0 
    where
        p1_0.owner_id=?
Hibernate: 
    select
        v1_0.pet_id,
        v1_0.id,
        v1_0.cost,
        v1_0.created_at,
        v1_0.description,
        v1_0.diagnosis,
        v1_0.treatment,
        v1_0.updated_at,
        v1_0.veterinarian_id,
        v1_0.visit_date 
    from
        visits v1_0 
    where
        v1_0.pet_id=?
Hibernate: 
    select
        v1_0.pet_id,
        v1_0.id,
        v1_0.cost,
        v1_0.created_at,
        v1_0.description,
        v1_0.diagnosis,
        v1_0.treatment,
        v1_0.updated_at,
        v1_0.veterinarian_id,
        v1_0.visit_date 
    from
        visits v1_0 
    where
        v1_0.pet_id=?
Hibernate: 
    select
        p1_0.owner_id,
        p1_0.id,
        p1_0.birth_date,
        p1_0.breed,
        p1_0.created_at,
        p1_0.medical_history,
        p1_0.name,
        p1_0.species,
        p1_0.updated_at 
    from
        pets p1_0 
    where
        p1_0.owner_id=?
Hibernate: 
    select
        v1_0.pet_id,
        v1_0.id,
        v1_0.cost,
        v1_0.created_at,
        v1_0.description,
        v1_0.diagnosis,
        v1_0.treatment,
        v1_0.updated_at,
        v1_0.veterinarian_id,
        v1_0.visit_date 
    from
        visits v1_0 
    where
        v1_0.pet_id=?
Hibernate: 
    select
        v1_0.pet_id,
        v1_0.id,
        v1_0.cost,
        v1_0.created_at,
        v1_0.description,
        v1_0.diagnosis,
        v1_0.treatment,
        v1_0.updated_at,
        v1_0.veterinarian_id,
        v1_0.visit_date 
    from
        visits v1_0 
    where
        v1_0.pet_id=?
Hibernate: 
    select
        p1_0.owner_id,
        p1_0.id,
        p1_0.birth_date,
        p1_0.breed,
        p1_0.created_at,
        p1_0.medical_history,
        p1_0.name,
        p1_0.species,
        p1_0.updated_at 
    from
        pets p1_0 
    where
        p1_0.owner_id=?
Hibernate: 
    select
        v1_0.pet_id,
        v1_0.id,
        v1_0.cost,
        v1_0.created_at,
        v1_0.description,
        v1_0.diagnosis,
        v1_0.treatment,
        v1_0.updated_at,
        v1_0.veterinarian_id,
        v1_0.visit_date 
    from
        visits v1_0 
    where
        v1_0.pet_id=?
Hibernate: 
    select
        v1_0.pet_id,
        v1_0.id,
        v1_0.cost,
        v1_0.created_at,
        v1_0.description,
        v1_0.diagnosis,
        v1_0.treatment,
        v1_0.updated_at,
        v1_0.veterinarian_id,
        v1_0.visit_date 
    from
        visits v1_0 
    where
        v1_0.pet_id=?
Hibernate: 
    select
        p1_0.owner_id,
        p1_0.id,
        p1_0.birth_date,
        p1_0.breed,
        p1_0.created_at,
        p1_0.medical_history,
        p1_0.name,
        p1_0.species,
        p1_0.updated_at 
    from
        pets p1_0 
    where
        p1_0.owner_id=?
Hibernate: 
    select
        p1_0.owner_id,
        p1_0.id,
        p1_0.birth_date,
        p1_0.breed,
        p1_0.created_at,
        p1_0.medical_history,
        p1_0.name,
        p1_0.species,
        p1_0.updated_at 
    from
        pets p1_0 
    where
        p1_0.owner_id=?
Hibernate: 
    select
        p1_0.owner_id,
        p1_0.id,
        p1_0.birth_date,
        p1_0.breed,
        p1_0.created_at,
        p1_0.medical_history,
        p1_0.name,
        p1_0.species,
        p1_0.updated_at 
    from
        pets p1_0 
    where
        p1_0.owner_id=?
Hibernate: 
    select
        p1_0.owner_id,
        p1_0.id,
        p1_0.birth_date,
        p1_0.breed,
        p1_0.created_at,
        p1_0.medical_history,
        p1_0.name,
        p1_0.species,
        p1_0.updated_at 
    from
        pets p1_0 
    where
        p1_0.owner_id=?
2026-01-29T12:57:29.799+05:30 DEBUG 58195 --- [pet-clinic-backend] [nio-8081-exec-4] o.s.security.web.FilterChainProxy        : Securing GET /pets?page=0&size=100
2026-01-29T12:57:29.799+05:30 DEBUG 58195 --- [pet-clinic-backend] [nio-8081-exec-4] o.s.s.w.a.AnonymousAuthenticationFilter  : Set SecurityContextHolder to anonymous SecurityContext
2026-01-29T12:57:29.800+05:30 DEBUG 58195 --- [pet-clinic-backend] [nio-8081-exec-4] o.s.security.web.FilterChainProxy        : Secured GET /pets?page=0&size=100
Hibernate: 
    select
        p1_0.id,
        p1_0.birth_date,
        p1_0.breed,
        p1_0.created_at,
        p1_0.medical_history,
        p1_0.name,
        p1_0.owner_id,
        p1_0.species,
        p1_0.updated_at 
    from
        pets p1_0 
    limit
        ?, ?
Hibernate: 
    select
        v1_0.pet_id,
        v1_0.id,
        v1_0.cost,
        v1_0.created_at,
        v1_0.description,
        v1_0.diagnosis,
        v1_0.treatment,
        v1_0.updated_at,
        v1_0.veterinarian_id,
        v1_0.visit_date 
    from
        visits v1_0 
    where
        v1_0.pet_id=?
Hibernate: 
    select
        v1_0.pet_id,
        v1_0.id,
        v1_0.cost,
        v1_0.created_at,
        v1_0.description,
        v1_0.diagnosis,
        v1_0.treatment,
        v1_0.updated_at,
        v1_0.veterinarian_id,
        v1_0.visit_date 
    from
        visits v1_0 
    where
        v1_0.pet_id=?
Hibernate: 
    select
        v1_0.pet_id,
        v1_0.id,
        v1_0.cost,
        v1_0.created_at,
        v1_0.description,
        v1_0.diagnosis,
        v1_0.treatment,
        v1_0.updated_at,
        v1_0.veterinarian_id,
        v1_0.visit_date 
    from
        visits v1_0 
    where
        v1_0.pet_id=?
Hibernate: 
    select
        v1_0.pet_id,
        v1_0.id,
        v1_0.cost,
        v1_0.created_at,
        v1_0.description,
        v1_0.diagnosis,
        v1_0.treatment,
        v1_0.updated_at,
        v1_0.veterinarian_id,
        v1_0.visit_date 
    from
        visits v1_0 
    where
        v1_0.pet_id=?
Hibernate: 
    select
        v1_0.pet_id,
        v1_0.id,
        v1_0.cost,
        v1_0.created_at,
        v1_0.description,
        v1_0.diagnosis,
        v1_0.treatment,
        v1_0.updated_at,
        v1_0.veterinarian_id,
        v1_0.visit_date 
    from
        visits v1_0 
    where
        v1_0.pet_id=?
Hibernate: 
    select
        v1_0.pet_id,
        v1_0.id,
        v1_0.cost,
        v1_0.created_at,
        v1_0.description,
        v1_0.diagnosis,
        v1_0.treatment,
        v1_0.updated_at,
        v1_0.veterinarian_id,
        v1_0.visit_date 
    from
        visits v1_0 
    where
        v1_0.pet_id=?
Hibernate: 
    select
        v1_0.pet_id,
        v1_0.id,
        v1_0.cost,
        v1_0.created_at,
        v1_0.description,
        v1_0.diagnosis,
        v1_0.treatment,
        v1_0.updated_at,
        v1_0.veterinarian_id,
        v1_0.visit_date 
    from
        visits v1_0 
    where
        v1_0.pet_id=?
Hibernate: 
    select
        v1_0.pet_id,
        v1_0.id,
        v1_0.cost,
        v1_0.created_at,
        v1_0.description,
        v1_0.diagnosis,
        v1_0.treatment,
        v1_0.updated_at,
        v1_0.veterinarian_id,
        v1_0.visit_date 
    from
        visits v1_0 
    where
        v1_0.pet_id=?
Hibernate: 
    select
        v1_0.pet_id,
        v1_0.id,
        v1_0.cost,
        v1_0.created_at,
        v1_0.description,
        v1_0.diagnosis,
        v1_0.treatment,
        v1_0.updated_at,
        v1_0.veterinarian_id,
        v1_0.visit_date 
    from
        visits v1_0 
    where
        v1_0.pet_id=?
Hibernate: 
    select
        v1_0.pet_id,
        v1_0.id,
        v1_0.cost,
        v1_0.created_at,
        v1_0.description,
        v1_0.diagnosis,
        v1_0.treatment,
        v1_0.updated_at,
        v1_0.veterinarian_id,
        v1_0.visit_date 
    from
        visits v1_0 
    where
        v1_0.pet_id=?
Hibernate: 
    select
        v1_0.pet_id,
        v1_0.id,
        v1_0.cost,
        v1_0.created_at,
        v1_0.description,
        v1_0.diagnosis,
        v1_0.treatment,
        v1_0.updated_at,
        v1_0.veterinarian_id,
        v1_0.visit_date 
    from
        visits v1_0 
    where
        v1_0.pet_id=?
Hibernate: 
    select
        v1_0.pet_id,
        v1_0.id,
        v1_0.cost,
        v1_0.created_at,
        v1_0.description,
        v1_0.diagnosis,
        v1_0.treatment,
        v1_0.updated_at,
        v1_0.veterinarian_id,
        v1_0.visit_date 
    from
        visits v1_0 
    where
        v1_0.pet_id=?
Hibernate: 
    select
        v1_0.pet_id,
        v1_0.id,
        v1_0.cost,
        v1_0.created_at,
        v1_0.description,
        v1_0.diagnosis,
        v1_0.treatment,
        v1_0.updated_at,
        v1_0.veterinarian_id,
        v1_0.visit_date 
    from
        visits v1_0 
    where
        v1_0.pet_id=?
Hibernate: 
    select
        v1_0.pet_id,
        v1_0.id,
        v1_0.cost,
        v1_0.created_at,
        v1_0.description,
        v1_0.diagnosis,
        v1_0.treatment,
        v1_0.updated_at,
        v1_0.veterinarian_id,
        v1_0.visit_date 
    from
        visits v1_0 
    where
        v1_0.pet_id=?
Hibernate: 
    select
        v1_0.pet_id,
        v1_0.id,
        v1_0.cost,
        v1_0.created_at,
        v1_0.description,
        v1_0.diagnosis,
        v1_0.treatment,
        v1_0.updated_at,
        v1_0.veterinarian_id,
        v1_0.visit_date 
    from
        visits v1_0 
    where
        v1_0.pet_id=?
Hibernate: 
    select
        v1_0.pet_id,
        v1_0.id,
        v1_0.cost,
        v1_0.created_at,
        v1_0.description,
        v1_0.diagnosis,
        v1_0.treatment,
        v1_0.updated_at,
        v1_0.veterinarian_id,
        v1_0.visit_date 
    from
        visits v1_0 
    where
        v1_0.pet_id=?
Hibernate: 
    select
        v1_0.pet_id,
        v1_0.id,
        v1_0.cost,
        v1_0.created_at,
        v1_0.description,
        v1_0.diagnosis,
        v1_0.treatment,
        v1_0.updated_at,
        v1_0.veterinarian_id,
        v1_0.visit_date 
    from
        visits v1_0 
    where
        v1_0.pet_id=?
Hibernate: 
    select
        v1_0.pet_id,
        v1_0.id,
        v1_0.cost,
        v1_0.created_at,
        v1_0.description,
        v1_0.diagnosis,
        v1_0.treatment,
        v1_0.updated_at,
        v1_0.veterinarian_id,
        v1_0.visit_date 
    from
        visits v1_0 
    where
        v1_0.pet_id=?
Hibernate: 
    select
        v1_0.pet_id,
        v1_0.id,
        v1_0.cost,
        v1_0.created_at,
        v1_0.description,
        v1_0.diagnosis,
        v1_0.treatment,
        v1_0.updated_at,
        v1_0.veterinarian_id,
        v1_0.visit_date 
    from
        visits v1_0 
    where
        v1_0.pet_id=?
Hibernate: 
    select
        v1_0.pet_id,
        v1_0.id,
        v1_0.cost,
        v1_0.created_at,
        v1_0.description,
        v1_0.diagnosis,
        v1_0.treatment,
        v1_0.updated_at,
        v1_0.veterinarian_id,
        v1_0.visit_date 
    from
        visits v1_0 
    where
        v1_0.pet_id=?
Hibernate: 
    select
        v1_0.pet_id,
        v1_0.id,
        v1_0.cost,
        v1_0.created_at,
        v1_0.description,
        v1_0.diagnosis,
        v1_0.treatment,
        v1_0.updated_at,
        v1_0.veterinarian_id,
        v1_0.visit_date 
    from
        visits v1_0 
    where
        v1_0.pet_id=?
Hibernate: 
    select
        v1_0.pet_id,
        v1_0.id,
        v1_0.cost,
        v1_0.created_at,
        v1_0.description,
        v1_0.diagnosis,
        v1_0.treatment,
        v1_0.updated_at,
        v1_0.veterinarian_id,
        v1_0.visit_date 
    from
        visits v1_0 
    where
        v1_0.pet_id=?
Hibernate: 
    select
        v1_0.pet_id,
        v1_0.id,
        v1_0.cost,
        v1_0.created_at,
        v1_0.description,
        v1_0.diagnosis,
        v1_0.treatment,
        v1_0.updated_at,
        v1_0.veterinarian_id,
        v1_0.visit_date 
    from
        visits v1_0 
    where
        v1_0.pet_id=?
2026-01-29T12:57:29.851+05:30 DEBUG 58195 --- [pet-clinic-backend] [nio-8081-exec-5] o.s.security.web.FilterChainProxy        : Securing GET /veterinarians?page=0&size=100
2026-01-29T12:57:29.852+05:30 DEBUG 58195 --- [pet-clinic-backend] [nio-8081-exec-5] o.s.s.w.a.AnonymousAuthenticationFilter  : Set SecurityContextHolder to anonymous SecurityContext
2026-01-29T12:57:29.852+05:30 DEBUG 58195 --- [pet-clinic-backend] [nio-8081-exec-5] o.s.security.web.FilterChainProxy        : Secured GET /veterinarians?page=0&size=100
Hibernate: 
    select
        v1_0.id,
        v1_0.created_at,
        v1_0.first_name,
        v1_0.last_name,
        v1_0.license_number,
        v1_0.specialties,
        v1_0.updated_at 
    from
        veterinarians v1_0 
    limit
        ?, ?
Hibernate: 
    select
        v1_0.veterinarian_id,
        v1_0.id,
        v1_0.cost,
        v1_0.created_at,
        v1_0.description,
        v1_0.diagnosis,
        v1_0.pet_id,
        v1_0.treatment,
        v1_0.updated_at,
        v1_0.visit_date 
    from
        visits v1_0 
    where
        v1_0.veterinarian_id=?
Hibernate: 
    select
        v1_0.veterinarian_id,
        v1_0.id,
        v1_0.cost,
        v1_0.created_at,
        v1_0.description,
        v1_0.diagnosis,
        v1_0.pet_id,
        v1_0.treatment,
        v1_0.updated_at,
        v1_0.visit_date 
    from
        visits v1_0 
    where
        v1_0.veterinarian_id=?
Hibernate: 
    select
        v1_0.veterinarian_id,
        v1_0.id,
        v1_0.cost,
        v1_0.created_at,
        v1_0.description,
        v1_0.diagnosis,
        v1_0.pet_id,
        v1_0.treatment,
        v1_0.updated_at,
        v1_0.visit_date 
    from
        visits v1_0 
    where
        v1_0.veterinarian_id=?
Hibernate: 
    select
        v1_0.veterinarian_id,
        v1_0.id,
        v1_0.cost,
        v1_0.created_at,
        v1_0.description,
        v1_0.diagnosis,
        v1_0.pet_id,
        v1_0.treatment,
        v1_0.updated_at,
        v1_0.visit_date 
    from
        visits v1_0 
    where
        v1_0.veterinarian_id=?
Hibernate: 
    select
        v1_0.veterinarian_id,
        v1_0.id,
        v1_0.cost,
        v1_0.created_at,
        v1_0.description,
        v1_0.diagnosis,
        v1_0.pet_id,
        v1_0.treatment,
        v1_0.updated_at,
        v1_0.visit_date 
    from
        visits v1_0 
    where
        v1_0.veterinarian_id=?
Hibernate: 
    select
        v1_0.veterinarian_id,
        v1_0.id,
        v1_0.cost,
        v1_0.created_at,
        v1_0.description,
        v1_0.diagnosis,
        v1_0.pet_id,
        v1_0.treatment,
        v1_0.updated_at,
        v1_0.visit_date 
    from
        visits v1_0 
    where
        v1_0.veterinarian_id=?
2026-01-29T13:26:43.957+05:30  INFO 58195 --- [pet-clinic-backend] [   File Watcher] rtingClassPathChangeChangedEventListener : Restarting due to 18 class path changes (0 additions, 18 deletions, 0 modifications)
2026-01-29T13:26:44.081+05:30  INFO 58195 --- [pet-clinic-backend] [       Thread-5] j.LocalContainerEntityManagerFactoryBean : Closing JPA EntityManagerFactory for persistence unit 'default'
2026-01-29T13:26:44.121+05:30  INFO 58195 --- [pet-clinic-backend] [       Thread-5] com.zaxxer.hikari.HikariDataSource       : HikariPool-1 - Shutdown initiated...
2026-01-29T13:26:44.123+05:30  INFO 58195 --- [pet-clinic-backend] [       Thread-5] com.zaxxer.hikari.HikariDataSource       : HikariPool-1 - Shutdown completed.

  .   ____          _            __ _ _
 /\\ / ___'_ __ _ _(_)_ __  __ _ \ \ \ \
( ( )\___ | '_ | '_| | '_ \/ _` | \ \ \ \
 \\/  ___)| |_)| | | | | || (_| |  ) ) ) )
  '  |____| .__|_| |_|_| |_\__, | / / / /
 =========|_|==============|___/=/_/_/_/
 :: Spring Boot ::                (v3.2.1)

2026-01-29T13:26:44.359+05:30  INFO 58195 --- [pet-clinic-backend] [  restartedMain] c.p.backend.PetClinicBackendApplication  : Starting PetClinicBackendApplication using Java 21.0.1 with PID 58195 (started by Vivek in /Users/Vivek/Desktop/Cloud & Devops/pet-clinic-cicd-pipeline/pet-clinic-app/pet-clinic-backend)
2026-01-29T13:26:44.359+05:30  INFO 58195 --- [pet-clinic-backend] [  restartedMain] c.p.backend.PetClinicBackendApplication  : The following 1 profile is active: "dev"
2026-01-29T13:26:44.598+05:30  INFO 58195 --- [pet-clinic-backend] [  restartedMain] .s.d.r.c.RepositoryConfigurationDelegate : Bootstrapping Spring Data JPA repositories in DEFAULT mode.
2026-01-29T13:26:44.598+05:30  INFO 58195 --- [pet-clinic-backend] [  restartedMain] .s.d.r.c.RepositoryConfigurationDelegate : Finished Spring Data repository scanning in 0 ms. Found 0 JPA repository interfaces.
2026-01-29T13:26:44.715+05:30  INFO 58195 --- [pet-clinic-backend] [  restartedMain] o.s.b.w.embedded.tomcat.TomcatWebServer  : Tomcat initialized with port 8080 (http)
2026-01-29T13:26:44.716+05:30  INFO 58195 --- [pet-clinic-backend] [  restartedMain] o.apache.catalina.core.StandardService   : Starting service [Tomcat]
2026-01-29T13:26:44.716+05:30  INFO 58195 --- [pet-clinic-backend] [  restartedMain] o.apache.catalina.core.StandardEngine    : Starting Servlet engine: [Apache Tomcat/10.1.17]
2026-01-29T13:26:44.725+05:30  INFO 58195 --- [pet-clinic-backend] [  restartedMain] o.a.c.c.C.[Tomcat].[localhost].[/]       : Initializing Spring embedded WebApplicationContext
2026-01-29T13:26:44.725+05:30  INFO 58195 --- [pet-clinic-backend] [  restartedMain] w.s.c.ServletWebServerApplicationContext : Root WebApplicationContext: initialization completed in 365 ms
2026-01-29T13:26:44.800+05:30  WARN 58195 --- [pet-clinic-backend] [  restartedMain] ConfigServletWebServerApplicationContext : Exception encountered during context initialization - cancelling refresh attempt: org.springframework.beans.factory.UnsatisfiedDependencyException: Error creating bean with name 'dataSourceScriptDatabaseInitializer' defined in class path resource [org/springframework/boot/autoconfigure/sql/init/DataSourceInitializationConfiguration.class]: Unsatisfied dependency expressed through method 'dataSourceScriptDatabaseInitializer' parameter 0: Error creating bean with name 'dataSource' defined in class path resource [org/springframework/boot/autoconfigure/jdbc/DataSourceConfiguration$Hikari.class]: Failed to instantiate [com.zaxxer.hikari.HikariDataSource]: Factory method 'dataSource' threw exception with message: Failed to determine a suitable driver class
2026-01-29T13:26:44.800+05:30  INFO 58195 --- [pet-clinic-backend] [  restartedMain] o.apache.catalina.core.StandardService   : Stopping service [Tomcat]
2026-01-29T13:26:44.806+05:30  INFO 58195 --- [pet-clinic-backend] [  restartedMain] .s.b.a.l.ConditionEvaluationReportLogger : 

Error starting ApplicationContext. To display the condition evaluation report re-run your application with 'debug' enabled.
2026-01-29T13:26:44.825+05:30 ERROR 58195 --- [pet-clinic-backend] [  restartedMain] o.s.b.d.LoggingFailureAnalysisReporter   : 

***************************
APPLICATION FAILED TO START
***************************

Description:

Failed to configure a DataSource: 'url' attribute is not specified and no embedded datasource could be configured.

Reason: Failed to determine a suitable driver class


Action:

Consider the following:
	If you want an embedded database (H2, HSQL or Derby), please put it on the classpath.
	If you have database settings to be loaded from a particular profile you may need to activate it (the profiles dev are currently active).


  .   ____          _            __ _ _
 /\\ / ___'_ __ _ _(_)_ __  __ _ \ \ \ \
( ( )\___ | '_ | '_| | '_ \/ _` | \ \ \ \
 \\/  ___)| |_)| | | | | || (_| |  ) ) ) )
  '  |____| .__|_| |_|_| |_\__, | / / / /
 =========|_|==============|___/=/_/_/_/
 :: Spring Boot ::                (v3.2.1)

2026-01-29T13:26:53.348+05:30  INFO 58195 --- [pet-clinic-backend] [  restartedMain] c.p.backend.PetClinicBackendApplication  : Starting PetClinicBackendApplication using Java 21.0.1 with PID 58195 (/Users/Vivek/Desktop/Cloud & Devops/pet-clinic-cicd-pipeline/pet-clinic-app/pet-clinic-backend/target/classes started by Vivek in /Users/Vivek/Desktop/Cloud & Devops/pet-clinic-cicd-pipeline/pet-clinic-app/pet-clinic-backend)
2026-01-29T13:26:53.349+05:30 DEBUG 58195 --- [pet-clinic-backend] [  restartedMain] c.p.backend.PetClinicBackendApplication  : Running with Spring Boot v3.2.1, Spring v6.1.2
2026-01-29T13:26:53.349+05:30  INFO 58195 --- [pet-clinic-backend] [  restartedMain] c.p.backend.PetClinicBackendApplication  : The following 1 profile is active: "dev"
2026-01-29T13:26:53.491+05:30  INFO 58195 --- [pet-clinic-backend] [  restartedMain] .s.d.r.c.RepositoryConfigurationDelegate : Bootstrapping Spring Data JPA repositories in DEFAULT mode.
2026-01-29T13:26:53.499+05:30  INFO 58195 --- [pet-clinic-backend] [  restartedMain] .s.d.r.c.RepositoryConfigurationDelegate : Finished Spring Data repository scanning in 7 ms. Found 4 JPA repository interfaces.
2026-01-29T13:26:53.605+05:30  INFO 58195 --- [pet-clinic-backend] [  restartedMain] o.s.b.w.embedded.tomcat.TomcatWebServer  : Tomcat initialized with port 8081 (http)
2026-01-29T13:26:53.606+05:30  INFO 58195 --- [pet-clinic-backend] [  restartedMain] o.apache.catalina.core.StandardService   : Starting service [Tomcat]
2026-01-29T13:26:53.606+05:30  INFO 58195 --- [pet-clinic-backend] [  restartedMain] o.apache.catalina.core.StandardEngine    : Starting Servlet engine: [Apache Tomcat/10.1.17]
2026-01-29T13:26:53.621+05:30  INFO 58195 --- [pet-clinic-backend] [  restartedMain] o.a.c.c.C.[Tomcat-1].[localhost].[/api]  : Initializing Spring embedded WebApplicationContext
2026-01-29T13:26:53.621+05:30  INFO 58195 --- [pet-clinic-backend] [  restartedMain] w.s.c.ServletWebServerApplicationContext : Root WebApplicationContext: initialization completed in 270 ms
2026-01-29T13:26:53.689+05:30  INFO 58195 --- [pet-clinic-backend] [  restartedMain] com.zaxxer.hikari.HikariDataSource       : HikariPool-2 - Starting...
2026-01-29T13:26:53.702+05:30  INFO 58195 --- [pet-clinic-backend] [  restartedMain] com.zaxxer.hikari.pool.HikariPool        : HikariPool-2 - Added connection com.mysql.cj.jdbc.ConnectionImpl@2736b86b
2026-01-29T13:26:53.702+05:30  INFO 58195 --- [pet-clinic-backend] [  restartedMain] com.zaxxer.hikari.HikariDataSource       : HikariPool-2 - Start completed.
2026-01-29T13:26:53.719+05:30  INFO 58195 --- [pet-clinic-backend] [  restartedMain] o.hibernate.jpa.internal.util.LogHelper  : HHH000204: Processing PersistenceUnitInfo [name: default]
2026-01-29T13:26:53.720+05:30  INFO 58195 --- [pet-clinic-backend] [  restartedMain] o.h.c.internal.RegionFactoryInitiator    : HHH000026: Second-level cache disabled
2026-01-29T13:26:53.723+05:30  INFO 58195 --- [pet-clinic-backend] [  restartedMain] o.s.o.j.p.SpringPersistenceUnitInfo      : No LoadTimeWeaver setup: ignoring JPA class transformer
2026-01-29T13:26:53.724+05:30  WARN 58195 --- [pet-clinic-backend] [  restartedMain] org.hibernate.orm.deprecation            : HHH90000025: MySQL8Dialect does not need to be specified explicitly using 'hibernate.dialect' (remove the property setting and it will be selected by default)
2026-01-29T13:26:53.724+05:30  WARN 58195 --- [pet-clinic-backend] [  restartedMain] org.hibernate.orm.deprecation            : HHH90000026: MySQL8Dialect has been deprecated; use org.hibernate.dialect.MySQLDialect instead
2026-01-29T13:26:53.801+05:30  INFO 58195 --- [pet-clinic-backend] [  restartedMain] o.h.e.t.j.p.i.JtaPlatformInitiator       : HHH000489: No JTA platform available (set 'hibernate.transaction.jta.platform' to enable JTA platform integration)
2026-01-29T13:26:54.030+05:30  INFO 58195 --- [pet-clinic-backend] [  restartedMain] j.LocalContainerEntityManagerFactoryBean : Initialized JPA EntityManagerFactory for persistence unit 'default'
2026-01-29T13:26:54.375+05:30  WARN 58195 --- [pet-clinic-backend] [  restartedMain] JpaBaseConfiguration$JpaWebConfiguration : spring.jpa.open-in-view is enabled by default. Therefore, database queries may be performed during view rendering. Explicitly configure spring.jpa.open-in-view to disable this warning
2026-01-29T13:26:54.391+05:30  WARN 58195 --- [pet-clinic-backend] [  restartedMain] .s.s.UserDetailsServiceAutoConfiguration : 

Using generated security password: 0526fe50-bc2a-4708-8915-6f9d3fdc78f8

This generated password is for development use only. Your security configuration must be updated before running your application in production.

2026-01-29T13:26:54.540+05:30  INFO 58195 --- [pet-clinic-backend] [  restartedMain] o.s.b.a.e.web.EndpointLinksResolver      : Exposing 3 endpoint(s) beneath base path '/actuator'
2026-01-29T13:26:54.570+05:30  INFO 58195 --- [pet-clinic-backend] [  restartedMain] o.s.s.web.DefaultSecurityFilterChain     : Will secure any request with [org.springframework.security.web.session.DisableEncodeUrlFilter@7d03feff, org.springframework.security.web.context.request.async.WebAsyncManagerIntegrationFilter@36de6e3f, org.springframework.security.web.context.SecurityContextHolderFilter@6319f533, org.springframework.security.web.header.HeaderWriterFilter@2940f4d6, org.springframework.web.filter.CorsFilter@19ca6d5e, org.springframework.security.web.authentication.logout.LogoutFilter@25438e1b, org.springframework.security.web.savedrequest.RequestCacheAwareFilter@9315fea, org.springframework.security.web.servletapi.SecurityContextHolderAwareRequestFilter@40d17fb8, org.springframework.security.web.authentication.AnonymousAuthenticationFilter@527f52b3, org.springframework.security.web.session.SessionManagementFilter@55e96ec8, org.springframework.security.web.access.ExceptionTranslationFilter@21162f63, org.springframework.security.web.access.intercept.AuthorizationFilter@276d9073]
2026-01-29T13:26:54.718+05:30  INFO 58195 --- [pet-clinic-backend] [  restartedMain] o.s.b.d.a.OptionalLiveReloadServer       : LiveReload server is running on port 35729
2026-01-29T13:26:54.730+05:30  INFO 58195 --- [pet-clinic-backend] [  restartedMain] o.s.b.w.embedded.tomcat.TomcatWebServer  : Tomcat started on port 8081 (http) with context path '/api'
2026-01-29T13:26:54.735+05:30  INFO 58195 --- [pet-clinic-backend] [  restartedMain] c.p.backend.PetClinicBackendApplication  : Started PetClinicBackendApplication in 1.419 seconds (process running for 1785.031)
2026-01-29T13:26:54.737+05:30  INFO 58195 --- [pet-clinic-backend] [  restartedMain] .ConditionEvaluationDeltaLoggingListener : Condition evaluation unchanged
2026-01-29T13:31:24.505+05:30  INFO 58195 --- [pet-clinic-backend] [   File Watcher] rtingClassPathChangeChangedEventListener : Restarting due to 18 class path changes (0 additions, 0 deletions, 18 modifications)
2026-01-29T13:31:24.529+05:30  INFO 58195 --- [pet-clinic-backend] [       Thread-7] j.LocalContainerEntityManagerFactoryBean : Closing JPA EntityManagerFactory for persistence unit 'default'
2026-01-29T13:31:24.533+05:30  INFO 58195 --- [pet-clinic-backend] [       Thread-7] com.zaxxer.hikari.HikariDataSource       : HikariPool-2 - Shutdown initiated...
2026-01-29T13:31:24.539+05:30  INFO 58195 --- [pet-clinic-backend] [       Thread-7] com.zaxxer.hikari.HikariDataSource       : HikariPool-2 - Shutdown completed.

  .   ____          _            __ _ _
 /\\ / ___'_ __ _ _(_)_ __  __ _ \ \ \ \
( ( )\___ | '_ | '_| | '_ \/ _` | \ \ \ \
 \\/  ___)| |_)| | | | | || (_| |  ) ) ) )
  '  |____| .__|_| |_|_| |_\__, | / / / /
 =========|_|==============|___/=/_/_/_/
 :: Spring Boot ::                (v3.2.1)

2026-01-29T13:31:24.660+05:30  INFO 58195 --- [pet-clinic-backend] [  restartedMain] c.p.backend.PetClinicBackendApplication  : Starting PetClinicBackendApplication using Java 21.0.1 with PID 58195 (/Users/Vivek/Desktop/Cloud & Devops/pet-clinic-cicd-pipeline/pet-clinic-app/pet-clinic-backend/target/classes started by Vivek in /Users/Vivek/Desktop/Cloud & Devops/pet-clinic-cicd-pipeline/pet-clinic-app/pet-clinic-backend)
2026-01-29T13:31:24.660+05:30 DEBUG 58195 --- [pet-clinic-backend] [  restartedMain] c.p.backend.PetClinicBackendApplication  : Running with Spring Boot v3.2.1, Spring v6.1.2
2026-01-29T13:31:24.660+05:30  INFO 58195 --- [pet-clinic-backend] [  restartedMain] c.p.backend.PetClinicBackendApplication  : The following 1 profile is active: "dev"
2026-01-29T13:31:24.771+05:30  INFO 58195 --- [pet-clinic-backend] [  restartedMain] .s.d.r.c.RepositoryConfigurationDelegate : Bootstrapping Spring Data JPA repositories in DEFAULT mode.
2026-01-29T13:31:24.776+05:30  INFO 58195 --- [pet-clinic-backend] [  restartedMain] .s.d.r.c.RepositoryConfigurationDelegate : Finished Spring Data repository scanning in 4 ms. Found 4 JPA repository interfaces.
2026-01-29T13:31:24.866+05:30  INFO 58195 --- [pet-clinic-backend] [  restartedMain] o.s.b.w.embedded.tomcat.TomcatWebServer  : Tomcat initialized with port 8081 (http)
2026-01-29T13:31:24.867+05:30  INFO 58195 --- [pet-clinic-backend] [  restartedMain] o.apache.catalina.core.StandardService   : Starting service [Tomcat]
2026-01-29T13:31:24.867+05:30  INFO 58195 --- [pet-clinic-backend] [  restartedMain] o.apache.catalina.core.StandardEngine    : Starting Servlet engine: [Apache Tomcat/10.1.17]
2026-01-29T13:31:24.872+05:30  INFO 58195 --- [pet-clinic-backend] [  restartedMain] o.a.c.c.C.[Tomcat-1].[localhost].[/api]  : Initializing Spring embedded WebApplicationContext
2026-01-29T13:31:24.872+05:30  INFO 58195 --- [pet-clinic-backend] [  restartedMain] w.s.c.ServletWebServerApplicationContext : Root WebApplicationContext: initialization completed in 211 ms
2026-01-29T13:31:24.948+05:30  INFO 58195 --- [pet-clinic-backend] [  restartedMain] com.zaxxer.hikari.HikariDataSource       : HikariPool-3 - Starting...
2026-01-29T13:31:24.986+05:30  INFO 58195 --- [pet-clinic-backend] [  restartedMain] com.zaxxer.hikari.pool.HikariPool        : HikariPool-3 - Added connection com.mysql.cj.jdbc.ConnectionImpl@780ea4a3
2026-01-29T13:31:24.986+05:30  INFO 58195 --- [pet-clinic-backend] [  restartedMain] com.zaxxer.hikari.HikariDataSource       : HikariPool-3 - Start completed.
2026-01-29T13:31:25.002+05:30  INFO 58195 --- [pet-clinic-backend] [  restartedMain] o.hibernate.jpa.internal.util.LogHelper  : HHH000204: Processing PersistenceUnitInfo [name: default]
2026-01-29T13:31:25.003+05:30  INFO 58195 --- [pet-clinic-backend] [  restartedMain] o.h.c.internal.RegionFactoryInitiator    : HHH000026: Second-level cache disabled
2026-01-29T13:31:25.004+05:30  INFO 58195 --- [pet-clinic-backend] [  restartedMain] o.s.o.j.p.SpringPersistenceUnitInfo      : No LoadTimeWeaver setup: ignoring JPA class transformer
2026-01-29T13:31:25.004+05:30  WARN 58195 --- [pet-clinic-backend] [  restartedMain] org.hibernate.orm.deprecation            : HHH90000025: MySQL8Dialect does not need to be specified explicitly using 'hibernate.dialect' (remove the property setting and it will be selected by default)
2026-01-29T13:31:25.004+05:30  WARN 58195 --- [pet-clinic-backend] [  restartedMain] org.hibernate.orm.deprecation            : HHH90000026: MySQL8Dialect has been deprecated; use org.hibernate.dialect.MySQLDialect instead
2026-01-29T13:31:25.053+05:30  INFO 58195 --- [pet-clinic-backend] [  restartedMain] o.h.e.t.j.p.i.JtaPlatformInitiator       : HHH000489: No JTA platform available (set 'hibernate.transaction.jta.platform' to enable JTA platform integration)
2026-01-29T13:31:25.251+05:30  INFO 58195 --- [pet-clinic-backend] [  restartedMain] j.LocalContainerEntityManagerFactoryBean : Initialized JPA EntityManagerFactory for persistence unit 'default'
2026-01-29T13:31:25.517+05:30  WARN 58195 --- [pet-clinic-backend] [  restartedMain] JpaBaseConfiguration$JpaWebConfiguration : spring.jpa.open-in-view is enabled by default. Therefore, database queries may be performed during view rendering. Explicitly configure spring.jpa.open-in-view to disable this warning
2026-01-29T13:31:25.532+05:30  WARN 58195 --- [pet-clinic-backend] [  restartedMain] .s.s.UserDetailsServiceAutoConfiguration : 

Using generated security password: f575c600-c0bc-474e-99a7-ea873040a1e0

This generated password is for development use only. Your security configuration must be updated before running your application in production.

2026-01-29T13:31:25.674+05:30  INFO 58195 --- [pet-clinic-backend] [  restartedMain] o.s.b.a.e.web.EndpointLinksResolver      : Exposing 3 endpoint(s) beneath base path '/actuator'
2026-01-29T13:31:25.703+05:30  INFO 58195 --- [pet-clinic-backend] [  restartedMain] o.s.s.web.DefaultSecurityFilterChain     : Will secure any request with [org.springframework.security.web.session.DisableEncodeUrlFilter@58d17ab7, org.springframework.security.web.context.request.async.WebAsyncManagerIntegrationFilter@121b6482, org.springframework.security.web.context.SecurityContextHolderFilter@1f2bb5db, org.springframework.security.web.header.HeaderWriterFilter@73b97be5, org.springframework.web.filter.CorsFilter@2400ed9b, org.springframework.security.web.authentication.logout.LogoutFilter@59f3892d, org.springframework.security.web.savedrequest.RequestCacheAwareFilter@2cf202f4, org.springframework.security.web.servletapi.SecurityContextHolderAwareRequestFilter@7e9ba63b, org.springframework.security.web.authentication.AnonymousAuthenticationFilter@ea99d6f, org.springframework.security.web.session.SessionManagementFilter@4994b802, org.springframework.security.web.access.ExceptionTranslationFilter@4c7a1a77, org.springframework.security.web.access.intercept.AuthorizationFilter@519c090d]
2026-01-29T13:31:25.826+05:30  INFO 58195 --- [pet-clinic-backend] [  restartedMain] o.s.b.d.a.OptionalLiveReloadServer       : LiveReload server is running on port 35729
2026-01-29T13:31:25.843+05:30  INFO 58195 --- [pet-clinic-backend] [  restartedMain] o.s.b.w.embedded.tomcat.TomcatWebServer  : Tomcat started on port 8081 (http) with context path '/api'
2026-01-29T13:31:25.848+05:30  INFO 58195 --- [pet-clinic-backend] [  restartedMain] c.p.backend.PetClinicBackendApplication  : Started PetClinicBackendApplication in 1.206 seconds (process running for 2056.144)
2026-01-29T13:31:25.849+05:30  INFO 58195 --- [pet-clinic-backend] [  restartedMain] .ConditionEvaluationDeltaLoggingListener : Condition evaluation unchanged
2026-01-29T13:36:41.220+05:30  INFO 58195 --- [pet-clinic-backend] [   File Watcher] rtingClassPathChangeChangedEventListener : Restarting due to 18 class path changes (0 additions, 0 deletions, 18 modifications)
2026-01-29T13:36:41.241+05:30  INFO 58195 --- [pet-clinic-backend] [      Thread-14] j.LocalContainerEntityManagerFactoryBean : Closing JPA EntityManagerFactory for persistence unit 'default'
2026-01-29T13:36:41.245+05:30  INFO 58195 --- [pet-clinic-backend] [      Thread-14] com.zaxxer.hikari.HikariDataSource       : HikariPool-3 - Shutdown initiated...
2026-01-29T13:36:41.249+05:30  INFO 58195 --- [pet-clinic-backend] [      Thread-14] com.zaxxer.hikari.HikariDataSource       : HikariPool-3 - Shutdown completed.

  .   ____          _            __ _ _
 /\\ / ___'_ __ _ _(_)_ __  __ _ \ \ \ \
( ( )\___ | '_ | '_| | '_ \/ _` | \ \ \ \
 \\/  ___)| |_)| | | | | || (_| |  ) ) ) )
  '  |____| .__|_| |_|_| |_\__, | / / / /
 =========|_|==============|___/=/_/_/_/
 :: Spring Boot ::                (v3.2.1)

2026-01-29T13:36:41.346+05:30  INFO 58195 --- [pet-clinic-backend] [  restartedMain] c.p.backend.PetClinicBackendApplication  : Starting PetClinicBackendApplication using Java 21.0.1 with PID 58195 (/Users/Vivek/Desktop/Cloud & Devops/pet-clinic-cicd-pipeline/pet-clinic-app/pet-clinic-backend/target/classes started by Vivek in /Users/Vivek/Desktop/Cloud & Devops/pet-clinic-cicd-pipeline/pet-clinic-app/pet-clinic-backend)
2026-01-29T13:36:41.346+05:30 DEBUG 58195 --- [pet-clinic-backend] [  restartedMain] c.p.backend.PetClinicBackendApplication  : Running with Spring Boot v3.2.1, Spring v6.1.2
2026-01-29T13:36:41.346+05:30  INFO 58195 --- [pet-clinic-backend] [  restartedMain] c.p.backend.PetClinicBackendApplication  : The following 1 profile is active: "dev"
2026-01-29T13:36:41.464+05:30  INFO 58195 --- [pet-clinic-backend] [  restartedMain] .s.d.r.c.RepositoryConfigurationDelegate : Bootstrapping Spring Data JPA repositories in DEFAULT mode.
2026-01-29T13:36:41.469+05:30  INFO 58195 --- [pet-clinic-backend] [  restartedMain] .s.d.r.c.RepositoryConfigurationDelegate : Finished Spring Data repository scanning in 4 ms. Found 4 JPA repository interfaces.
2026-01-29T13:36:41.568+05:30  INFO 58195 --- [pet-clinic-backend] [  restartedMain] o.s.b.w.embedded.tomcat.TomcatWebServer  : Tomcat initialized with port 8081 (http)
2026-01-29T13:36:41.568+05:30  INFO 58195 --- [pet-clinic-backend] [  restartedMain] o.apache.catalina.core.StandardService   : Starting service [Tomcat]
2026-01-29T13:36:41.568+05:30  INFO 58195 --- [pet-clinic-backend] [  restartedMain] o.apache.catalina.core.StandardEngine    : Starting Servlet engine: [Apache Tomcat/10.1.17]
2026-01-29T13:36:41.574+05:30  INFO 58195 --- [pet-clinic-backend] [  restartedMain] o.a.c.c.C.[Tomcat-1].[localhost].[/api]  : Initializing Spring embedded WebApplicationContext
2026-01-29T13:36:41.574+05:30  INFO 58195 --- [pet-clinic-backend] [  restartedMain] w.s.c.ServletWebServerApplicationContext : Root WebApplicationContext: initialization completed in 227 ms
2026-01-29T13:36:41.652+05:30  INFO 58195 --- [pet-clinic-backend] [  restartedMain] com.zaxxer.hikari.HikariDataSource       : HikariPool-4 - Starting...
2026-01-29T13:36:41.742+05:30  INFO 58195 --- [pet-clinic-backend] [  restartedMain] com.zaxxer.hikari.pool.HikariPool        : HikariPool-4 - Added connection com.mysql.cj.jdbc.ConnectionImpl@752d1e65
2026-01-29T13:36:41.743+05:30  INFO 58195 --- [pet-clinic-backend] [  restartedMain] com.zaxxer.hikari.HikariDataSource       : HikariPool-4 - Start completed.
2026-01-29T13:36:41.758+05:30  INFO 58195 --- [pet-clinic-backend] [  restartedMain] o.hibernate.jpa.internal.util.LogHelper  : HHH000204: Processing PersistenceUnitInfo [name: default]
2026-01-29T13:36:41.759+05:30  INFO 58195 --- [pet-clinic-backend] [  restartedMain] o.h.c.internal.RegionFactoryInitiator    : HHH000026: Second-level cache disabled
2026-01-29T13:36:41.761+05:30  INFO 58195 --- [pet-clinic-backend] [  restartedMain] o.s.o.j.p.SpringPersistenceUnitInfo      : No LoadTimeWeaver setup: ignoring JPA class transformer
2026-01-29T13:36:41.761+05:30  WARN 58195 --- [pet-clinic-backend] [  restartedMain] org.hibernate.orm.deprecation            : HHH90000025: MySQL8Dialect does not need to be specified explicitly using 'hibernate.dialect' (remove the property setting and it will be selected by default)
2026-01-29T13:36:41.761+05:30  WARN 58195 --- [pet-clinic-backend] [  restartedMain] org.hibernate.orm.deprecation            : HHH90000026: MySQL8Dialect has been deprecated; use org.hibernate.dialect.MySQLDialect instead
2026-01-29T13:36:41.802+05:30  INFO 58195 --- [pet-clinic-backend] [  restartedMain] o.h.e.t.j.p.i.JtaPlatformInitiator       : HHH000489: No JTA platform available (set 'hibernate.transaction.jta.platform' to enable JTA platform integration)
2026-01-29T13:36:41.882+05:30  INFO 58195 --- [pet-clinic-backend] [  restartedMain] j.LocalContainerEntityManagerFactoryBean : Initialized JPA EntityManagerFactory for persistence unit 'default'
2026-01-29T13:36:42.231+05:30  WARN 58195 --- [pet-clinic-backend] [  restartedMain] JpaBaseConfiguration$JpaWebConfiguration : spring.jpa.open-in-view is enabled by default. Therefore, database queries may be performed during view rendering. Explicitly configure spring.jpa.open-in-view to disable this warning
2026-01-29T13:36:42.248+05:30  WARN 58195 --- [pet-clinic-backend] [  restartedMain] .s.s.UserDetailsServiceAutoConfiguration : 

Using generated security password: c61ec58c-a928-41c3-8fab-a1af861c2ff5

This generated password is for development use only. Your security configuration must be updated before running your application in production.

2026-01-29T13:36:42.404+05:30  INFO 58195 --- [pet-clinic-backend] [  restartedMain] o.s.b.a.e.web.EndpointLinksResolver      : Exposing 3 endpoint(s) beneath base path '/actuator'
2026-01-29T13:36:42.433+05:30  INFO 58195 --- [pet-clinic-backend] [  restartedMain] o.s.s.web.DefaultSecurityFilterChain     : Will secure any request with [org.springframework.security.web.session.DisableEncodeUrlFilter@1f4394ff, org.springframework.security.web.context.request.async.WebAsyncManagerIntegrationFilter@463c00d6, org.springframework.security.web.context.SecurityContextHolderFilter@5051f93, org.springframework.security.web.header.HeaderWriterFilter@7e0c891b, org.springframework.web.filter.CorsFilter@ba86132, org.springframework.security.web.authentication.logout.LogoutFilter@5060c31e, org.springframework.security.web.savedrequest.RequestCacheAwareFilter@7657c8a1, org.springframework.security.web.servletapi.SecurityContextHolderAwareRequestFilter@193c44b4, org.springframework.security.web.authentication.AnonymousAuthenticationFilter@2db395, org.springframework.security.web.session.SessionManagementFilter@5b312c55, org.springframework.security.web.access.ExceptionTranslationFilter@112cc191, org.springframework.security.web.access.intercept.AuthorizationFilter@3aa400a7]
2026-01-29T13:36:43.068+05:30  INFO 58195 --- [pet-clinic-backend] [  restartedMain] o.s.b.d.a.OptionalLiveReloadServer       : LiveReload server is running on port 35729
2026-01-29T13:36:43.102+05:30  INFO 58195 --- [pet-clinic-backend] [  restartedMain] o.s.b.w.embedded.tomcat.TomcatWebServer  : Tomcat started on port 8081 (http) with context path '/api'
2026-01-29T13:36:43.112+05:30  INFO 58195 --- [pet-clinic-backend] [  restartedMain] c.p.backend.PetClinicBackendApplication  : Started PetClinicBackendApplication in 1.782 seconds (process running for 2373.407)
2026-01-29T13:36:43.118+05:30  INFO 58195 --- [pet-clinic-backend] [  restartedMain] .ConditionEvaluationDeltaLoggingListener : Condition evaluation unchanged
2026-01-29T13:36:59.644+05:30  INFO 58195 --- [pet-clinic-backend] [   File Watcher] rtingClassPathChangeChangedEventListener : Restarting due to 18 class path changes (0 additions, 14 deletions, 4 modifications)
2026-01-29T13:36:59.665+05:30  INFO 58195 --- [pet-clinic-backend] [      Thread-18] j.LocalContainerEntityManagerFactoryBean : Closing JPA EntityManagerFactory for persistence unit 'default'
2026-01-29T13:36:59.668+05:30  INFO 58195 --- [pet-clinic-backend] [      Thread-18] com.zaxxer.hikari.HikariDataSource       : HikariPool-4 - Shutdown initiated...
2026-01-29T13:36:59.670+05:30  INFO 58195 --- [pet-clinic-backend] [      Thread-18] com.zaxxer.hikari.HikariDataSource       : HikariPool-4 - Shutdown completed.

  .   ____          _            __ _ _
 /\\ / ___'_ __ _ _(_)_ __  __ _ \ \ \ \
( ( )\___ | '_ | '_| | '_ \/ _` | \ \ \ \
 \\/  ___)| |_)| | | | | || (_| |  ) ) ) )
  '  |____| .__|_| |_|_| |_\__, | / / / /
 =========|_|==============|___/=/_/_/_/
 :: Spring Boot ::                (v3.2.1)

2026-01-29T13:36:59.834+05:30  INFO 58195 --- [pet-clinic-backend] [  restartedMain] c.p.backend.PetClinicBackendApplication  : Starting PetClinicBackendApplication using Java 21.0.1 with PID 58195 (/Users/Vivek/Desktop/Cloud & Devops/pet-clinic-cicd-pipeline/pet-clinic-app/pet-clinic-backend/target/classes started by Vivek in /Users/Vivek/Desktop/Cloud & Devops/pet-clinic-cicd-pipeline/pet-clinic-app/pet-clinic-backend)
2026-01-29T13:36:59.834+05:30 DEBUG 58195 --- [pet-clinic-backend] [  restartedMain] c.p.backend.PetClinicBackendApplication  : Running with Spring Boot v3.2.1, Spring v6.1.2
2026-01-29T13:36:59.834+05:30  INFO 58195 --- [pet-clinic-backend] [  restartedMain] c.p.backend.PetClinicBackendApplication  : The following 1 profile is active: "dev"
2026-01-29T13:36:59.980+05:30  INFO 58195 --- [pet-clinic-backend] [  restartedMain] .s.d.r.c.RepositoryConfigurationDelegate : Bootstrapping Spring Data JPA repositories in DEFAULT mode.
2026-01-29T13:36:59.985+05:30  INFO 58195 --- [pet-clinic-backend] [  restartedMain] .s.d.r.c.RepositoryConfigurationDelegate : Finished Spring Data repository scanning in 5 ms. Found 4 JPA repository interfaces.
2026-01-29T13:37:00.133+05:30  INFO 58195 --- [pet-clinic-backend] [  restartedMain] o.s.b.w.embedded.tomcat.TomcatWebServer  : Tomcat initialized with port 8081 (http)
2026-01-29T13:37:00.134+05:30  INFO 58195 --- [pet-clinic-backend] [  restartedMain] o.apache.catalina.core.StandardService   : Starting service [Tomcat]
2026-01-29T13:37:00.134+05:30  INFO 58195 --- [pet-clinic-backend] [  restartedMain] o.apache.catalina.core.StandardEngine    : Starting Servlet engine: [Apache Tomcat/10.1.17]
2026-01-29T13:37:00.140+05:30  INFO 58195 --- [pet-clinic-backend] [  restartedMain] o.a.c.c.C.[Tomcat-1].[localhost].[/api]  : Initializing Spring embedded WebApplicationContext
2026-01-29T13:37:00.140+05:30  INFO 58195 --- [pet-clinic-backend] [  restartedMain] w.s.c.ServletWebServerApplicationContext : Root WebApplicationContext: initialization completed in 304 ms
2026-01-29T13:37:00.222+05:30  INFO 58195 --- [pet-clinic-backend] [  restartedMain] com.zaxxer.hikari.HikariDataSource       : HikariPool-5 - Starting...
2026-01-29T13:37:00.476+05:30  INFO 58195 --- [pet-clinic-backend] [  restartedMain] com.zaxxer.hikari.pool.HikariPool        : HikariPool-5 - Added connection com.mysql.cj.jdbc.ConnectionImpl@73eb38b2
2026-01-29T13:37:00.476+05:30  INFO 58195 --- [pet-clinic-backend] [  restartedMain] com.zaxxer.hikari.HikariDataSource       : HikariPool-5 - Start completed.
2026-01-29T13:37:00.493+05:30  INFO 58195 --- [pet-clinic-backend] [  restartedMain] o.hibernate.jpa.internal.util.LogHelper  : HHH000204: Processing PersistenceUnitInfo [name: default]
2026-01-29T13:37:00.493+05:30  INFO 58195 --- [pet-clinic-backend] [  restartedMain] o.h.c.internal.RegionFactoryInitiator    : HHH000026: Second-level cache disabled
2026-01-29T13:37:00.494+05:30  INFO 58195 --- [pet-clinic-backend] [  restartedMain] o.s.o.j.p.SpringPersistenceUnitInfo      : No LoadTimeWeaver setup: ignoring JPA class transformer
2026-01-29T13:37:00.495+05:30  WARN 58195 --- [pet-clinic-backend] [  restartedMain] org.hibernate.orm.deprecation            : HHH90000025: MySQL8Dialect does not need to be specified explicitly using 'hibernate.dialect' (remove the property setting and it will be selected by default)
2026-01-29T13:37:00.495+05:30  WARN 58195 --- [pet-clinic-backend] [  restartedMain] org.hibernate.orm.deprecation            : HHH90000026: MySQL8Dialect has been deprecated; use org.hibernate.dialect.MySQLDialect instead
2026-01-29T13:37:00.540+05:30  INFO 58195 --- [pet-clinic-backend] [  restartedMain] o.h.e.t.j.p.i.JtaPlatformInitiator       : HHH000489: No JTA platform available (set 'hibernate.transaction.jta.platform' to enable JTA platform integration)
2026-01-29T13:37:00.673+05:30  INFO 58195 --- [pet-clinic-backend] [  restartedMain] j.LocalContainerEntityManagerFactoryBean : Initialized JPA EntityManagerFactory for persistence unit 'default'
2026-01-29T13:37:00.979+05:30  WARN 58195 --- [pet-clinic-backend] [  restartedMain] JpaBaseConfiguration$JpaWebConfiguration : spring.jpa.open-in-view is enabled by default. Therefore, database queries may be performed during view rendering. Explicitly configure spring.jpa.open-in-view to disable this warning
2026-01-29T13:37:01.000+05:30  WARN 58195 --- [pet-clinic-backend] [  restartedMain] .s.s.UserDetailsServiceAutoConfiguration : 

Using generated security password: 0e1daa01-40e5-4ebe-b023-51ec776a414d

This generated password is for development use only. Your security configuration must be updated before running your application in production.

2026-01-29T13:37:01.169+05:30  INFO 58195 --- [pet-clinic-backend] [  restartedMain] o.s.b.a.e.web.EndpointLinksResolver      : Exposing 3 endpoint(s) beneath base path '/actuator'
2026-01-29T13:37:01.201+05:30  INFO 58195 --- [pet-clinic-backend] [  restartedMain] o.s.s.web.DefaultSecurityFilterChain     : Will secure any request with [org.springframework.security.web.session.DisableEncodeUrlFilter@40543fb7, org.springframework.security.web.context.request.async.WebAsyncManagerIntegrationFilter@6ac92edf, org.springframework.security.web.context.SecurityContextHolderFilter@38bbbcb9, org.springframework.security.web.header.HeaderWriterFilter@400ea32b, org.springframework.web.filter.CorsFilter@2ee93d53, org.springframework.security.web.authentication.logout.LogoutFilter@b31dae6, org.springframework.security.web.savedrequest.RequestCacheAwareFilter@252b0324, org.springframework.security.web.servletapi.SecurityContextHolderAwareRequestFilter@57ea0599, org.springframework.security.web.authentication.AnonymousAuthenticationFilter@1924d176, org.springframework.security.web.session.SessionManagementFilter@7e0d846b, org.springframework.security.web.access.ExceptionTranslationFilter@445551a2, org.springframework.security.web.access.intercept.AuthorizationFilter@3ced2d8f]
2026-01-29T13:37:01.444+05:30  INFO 58195 --- [pet-clinic-backend] [  restartedMain] o.s.b.d.a.OptionalLiveReloadServer       : LiveReload server is running on port 35729
2026-01-29T13:37:01.468+05:30  INFO 58195 --- [pet-clinic-backend] [  restartedMain] o.s.b.w.embedded.tomcat.TomcatWebServer  : Tomcat started on port 8081 (http) with context path '/api'
2026-01-29T13:37:01.473+05:30  INFO 58195 --- [pet-clinic-backend] [  restartedMain] c.p.backend.PetClinicBackendApplication  : Started PetClinicBackendApplication in 1.652 seconds (process running for 2391.768)
2026-01-29T13:37:01.474+05:30  INFO 58195 --- [pet-clinic-backend] [  restartedMain] .ConditionEvaluationDeltaLoggingListener : Condition evaluation unchanged
2026-01-29T13:38:35.960+05:30  INFO 58195 --- [pet-clinic-backend] [   File Watcher] rtingClassPathChangeChangedEventListener : Restarting due to 18 class path changes (0 additions, 0 deletions, 18 modifications)
2026-01-29T13:38:35.976+05:30  INFO 58195 --- [pet-clinic-backend] [      Thread-22] j.LocalContainerEntityManagerFactoryBean : Closing JPA EntityManagerFactory for persistence unit 'default'
2026-01-29T13:38:35.980+05:30  INFO 58195 --- [pet-clinic-backend] [      Thread-22] com.zaxxer.hikari.HikariDataSource       : HikariPool-5 - Shutdown initiated...
2026-01-29T13:38:35.983+05:30  INFO 58195 --- [pet-clinic-backend] [      Thread-22] com.zaxxer.hikari.HikariDataSource       : HikariPool-5 - Shutdown completed.

  .   ____          _            __ _ _
 /\\ / ___'_ __ _ _(_)_ __  __ _ \ \ \ \
( ( )\___ | '_ | '_| | '_ \/ _` | \ \ \ \
 \\/  ___)| |_)| | | | | || (_| |  ) ) ) )
  '  |____| .__|_| |_|_| |_\__, | / / / /
 =========|_|==============|___/=/_/_/_/
 :: Spring Boot ::                (v3.2.1)

2026-01-29T13:38:36.080+05:30  INFO 58195 --- [pet-clinic-backend] [  restartedMain] c.p.backend.PetClinicBackendApplication  : Starting PetClinicBackendApplication using Java 21.0.1 with PID 58195 (/Users/Vivek/Desktop/Cloud & Devops/pet-clinic-cicd-pipeline/pet-clinic-app/pet-clinic-backend/target/classes started by Vivek in /Users/Vivek/Desktop/Cloud & Devops/pet-clinic-cicd-pipeline/pet-clinic-app/pet-clinic-backend)
2026-01-29T13:38:36.080+05:30 DEBUG 58195 --- [pet-clinic-backend] [  restartedMain] c.p.backend.PetClinicBackendApplication  : Running with Spring Boot v3.2.1, Spring v6.1.2
2026-01-29T13:38:36.080+05:30  INFO 58195 --- [pet-clinic-backend] [  restartedMain] c.p.backend.PetClinicBackendApplication  : The following 1 profile is active: "dev"
2026-01-29T13:38:36.206+05:30  INFO 58195 --- [pet-clinic-backend] [  restartedMain] .s.d.r.c.RepositoryConfigurationDelegate : Bootstrapping Spring Data JPA repositories in DEFAULT mode.
2026-01-29T13:38:36.213+05:30  INFO 58195 --- [pet-clinic-backend] [  restartedMain] .s.d.r.c.RepositoryConfigurationDelegate : Finished Spring Data repository scanning in 6 ms. Found 4 JPA repository interfaces.
2026-01-29T13:38:36.313+05:30  INFO 58195 --- [pet-clinic-backend] [  restartedMain] o.s.b.w.embedded.tomcat.TomcatWebServer  : Tomcat initialized with port 8081 (http)
2026-01-29T13:38:36.314+05:30  INFO 58195 --- [pet-clinic-backend] [  restartedMain] o.apache.catalina.core.StandardService   : Starting service [Tomcat]
2026-01-29T13:38:36.314+05:30  INFO 58195 --- [pet-clinic-backend] [  restartedMain] o.apache.catalina.core.StandardEngine    : Starting Servlet engine: [Apache Tomcat/10.1.17]
2026-01-29T13:38:36.318+05:30  INFO 58195 --- [pet-clinic-backend] [  restartedMain] o.a.c.c.C.[Tomcat-1].[localhost].[/api]  : Initializing Spring embedded WebApplicationContext
2026-01-29T13:38:36.318+05:30  INFO 58195 --- [pet-clinic-backend] [  restartedMain] w.s.c.ServletWebServerApplicationContext : Root WebApplicationContext: initialization completed in 237 ms
2026-01-29T13:38:36.397+05:30  INFO 58195 --- [pet-clinic-backend] [  restartedMain] com.zaxxer.hikari.HikariDataSource       : HikariPool-6 - Starting...
2026-01-29T13:38:36.453+05:30  INFO 58195 --- [pet-clinic-backend] [  restartedMain] com.zaxxer.hikari.pool.HikariPool        : HikariPool-6 - Added connection com.mysql.cj.jdbc.ConnectionImpl@7d6d96d9
2026-01-29T13:38:36.453+05:30  INFO 58195 --- [pet-clinic-backend] [  restartedMain] com.zaxxer.hikari.HikariDataSource       : HikariPool-6 - Start completed.
2026-01-29T13:38:36.469+05:30  INFO 58195 --- [pet-clinic-backend] [  restartedMain] o.hibernate.jpa.internal.util.LogHelper  : HHH000204: Processing PersistenceUnitInfo [name: default]
2026-01-29T13:38:36.470+05:30  INFO 58195 --- [pet-clinic-backend] [  restartedMain] o.h.c.internal.RegionFactoryInitiator    : HHH000026: Second-level cache disabled
2026-01-29T13:38:36.471+05:30  INFO 58195 --- [pet-clinic-backend] [  restartedMain] o.s.o.j.p.SpringPersistenceUnitInfo      : No LoadTimeWeaver setup: ignoring JPA class transformer
2026-01-29T13:38:36.472+05:30  WARN 58195 --- [pet-clinic-backend] [  restartedMain] org.hibernate.orm.deprecation            : HHH90000025: MySQL8Dialect does not need to be specified explicitly using 'hibernate.dialect' (remove the property setting and it will be selected by default)
2026-01-29T13:38:36.472+05:30  WARN 58195 --- [pet-clinic-backend] [  restartedMain] org.hibernate.orm.deprecation            : HHH90000026: MySQL8Dialect has been deprecated; use org.hibernate.dialect.MySQLDialect instead
2026-01-29T13:38:36.518+05:30  INFO 58195 --- [pet-clinic-backend] [  restartedMain] o.h.e.t.j.p.i.JtaPlatformInitiator       : HHH000489: No JTA platform available (set 'hibernate.transaction.jta.platform' to enable JTA platform integration)
2026-01-29T13:38:36.689+05:30  INFO 58195 --- [pet-clinic-backend] [  restartedMain] j.LocalContainerEntityManagerFactoryBean : Initialized JPA EntityManagerFactory for persistence unit 'default'
2026-01-29T13:38:36.981+05:30  WARN 58195 --- [pet-clinic-backend] [  restartedMain] JpaBaseConfiguration$JpaWebConfiguration : spring.jpa.open-in-view is enabled by default. Therefore, database queries may be performed during view rendering. Explicitly configure spring.jpa.open-in-view to disable this warning
2026-01-29T13:38:36.997+05:30  WARN 58195 --- [pet-clinic-backend] [  restartedMain] .s.s.UserDetailsServiceAutoConfiguration : 

Using generated security password: eebaf1a8-d2b6-404f-8059-3095066b7fda

This generated password is for development use only. Your security configuration must be updated before running your application in production.

2026-01-29T13:38:37.124+05:30  INFO 58195 --- [pet-clinic-backend] [  restartedMain] o.s.b.a.e.web.EndpointLinksResolver      : Exposing 3 endpoint(s) beneath base path '/actuator'
2026-01-29T13:38:37.150+05:30  INFO 58195 --- [pet-clinic-backend] [  restartedMain] o.s.s.web.DefaultSecurityFilterChain     : Will secure any request with [org.springframework.security.web.session.DisableEncodeUrlFilter@2bd9a3a9, org.springframework.security.web.context.request.async.WebAsyncManagerIntegrationFilter@7f96d8f8, org.springframework.security.web.context.SecurityContextHolderFilter@7f221eb9, org.springframework.security.web.header.HeaderWriterFilter@3e888ebe, org.springframework.web.filter.CorsFilter@7dd5344e, org.springframework.security.web.authentication.logout.LogoutFilter@752ae529, org.springframework.security.web.savedrequest.RequestCacheAwareFilter@38e9bee3, org.springframework.security.web.servletapi.SecurityContextHolderAwareRequestFilter@1ad2c8f5, org.springframework.security.web.authentication.AnonymousAuthenticationFilter@134cead9, org.springframework.security.web.session.SessionManagementFilter@10b11aed, org.springframework.security.web.access.ExceptionTranslationFilter@7b7e0899, org.springframework.security.web.access.intercept.AuthorizationFilter@639490df]
2026-01-29T13:38:37.277+05:30  INFO 58195 --- [pet-clinic-backend] [  restartedMain] o.s.b.d.a.OptionalLiveReloadServer       : LiveReload server is running on port 35729
2026-01-29T13:38:37.288+05:30  INFO 58195 --- [pet-clinic-backend] [  restartedMain] o.s.b.w.embedded.tomcat.TomcatWebServer  : Tomcat started on port 8081 (http) with context path '/api'
2026-01-29T13:38:37.292+05:30  INFO 58195 --- [pet-clinic-backend] [  restartedMain] c.p.backend.PetClinicBackendApplication  : Started PetClinicBackendApplication in 1.225 seconds (process running for 2487.587)
2026-01-29T13:38:37.293+05:30  INFO 58195 --- [pet-clinic-backend] [  restartedMain] .ConditionEvaluationDeltaLoggingListener : Condition evaluation unchanged
2026-01-29T13:38:43.171+05:30  INFO 58195 --- [pet-clinic-backend] [   File Watcher] rtingClassPathChangeChangedEventListener : Restarting due to 18 class path changes (0 additions, 18 deletions, 0 modifications)
2026-01-29T13:38:43.189+05:30  INFO 58195 --- [pet-clinic-backend] [      Thread-26] j.LocalContainerEntityManagerFactoryBean : Closing JPA EntityManagerFactory for persistence unit 'default'
2026-01-29T13:38:43.191+05:30  INFO 58195 --- [pet-clinic-backend] [      Thread-26] com.zaxxer.hikari.HikariDataSource       : HikariPool-6 - Shutdown initiated...
2026-01-29T13:38:43.193+05:30  INFO 58195 --- [pet-clinic-backend] [      Thread-26] com.zaxxer.hikari.HikariDataSource       : HikariPool-6 - Shutdown completed.

  .   ____          _            __ _ _
 /\\ / ___'_ __ _ _(_)_ __  __ _ \ \ \ \
( ( )\___ | '_ | '_| | '_ \/ _` | \ \ \ \
 \\/  ___)| |_)| | | | | || (_| |  ) ) ) )
  '  |____| .__|_| |_|_| |_\__, | / / / /
 =========|_|==============|___/=/_/_/_/
 :: Spring Boot ::                (v3.2.1)

2026-01-29T13:38:50.112+05:30  INFO 58195 --- [pet-clinic-backend] [  restartedMain] c.p.backend.PetClinicBackendApplication  : Starting PetClinicBackendApplication using Java 21.0.1 with PID 58195 (/Users/Vivek/Desktop/Cloud & Devops/pet-clinic-cicd-pipeline/pet-clinic-app/pet-clinic-backend/target/classes started by Vivek in /Users/Vivek/Desktop/Cloud & Devops/pet-clinic-cicd-pipeline/pet-clinic-app/pet-clinic-backend)
2026-01-29T13:38:50.112+05:30 DEBUG 58195 --- [pet-clinic-backend] [  restartedMain] c.p.backend.PetClinicBackendApplication  : Running with Spring Boot v3.2.1, Spring v6.1.2
2026-01-29T13:38:50.112+05:30  INFO 58195 --- [pet-clinic-backend] [  restartedMain] c.p.backend.PetClinicBackendApplication  : The following 1 profile is active: "dev"
2026-01-29T13:39:00.978+05:30  INFO 58195 --- [pet-clinic-backend] [  restartedMain] .s.d.r.c.RepositoryConfigurationDelegate : Bootstrapping Spring Data JPA repositories in DEFAULT mode.
2026-01-29T13:39:00.984+05:30  INFO 58195 --- [pet-clinic-backend] [  restartedMain] .s.d.r.c.RepositoryConfigurationDelegate : Finished Spring Data repository scanning in 6 ms. Found 4 JPA repository interfaces.
2026-01-29T13:39:01.077+05:30  INFO 58195 --- [pet-clinic-backend] [  restartedMain] o.s.b.w.embedded.tomcat.TomcatWebServer  : Tomcat initialized with port 8081 (http)
2026-01-29T13:39:01.077+05:30  INFO 58195 --- [pet-clinic-backend] [  restartedMain] o.apache.catalina.core.StandardService   : Starting service [Tomcat]
2026-01-29T13:39:01.077+05:30  INFO 58195 --- [pet-clinic-backend] [  restartedMain] o.apache.catalina.core.StandardEngine    : Starting Servlet engine: [Apache Tomcat/10.1.17]
2026-01-29T13:39:01.081+05:30  INFO 58195 --- [pet-clinic-backend] [  restartedMain] o.a.c.c.C.[Tomcat-1].[localhost].[/api]  : Initializing Spring embedded WebApplicationContext
2026-01-29T13:39:01.081+05:30  INFO 58195 --- [pet-clinic-backend] [  restartedMain] w.s.c.ServletWebServerApplicationContext : Root WebApplicationContext: initialization completed in 10967 ms
2026-01-29T13:39:01.140+05:30  INFO 58195 --- [pet-clinic-backend] [  restartedMain] com.zaxxer.hikari.HikariDataSource       : HikariPool-7 - Starting...
2026-01-29T13:39:01.157+05:30  INFO 58195 --- [pet-clinic-backend] [  restartedMain] com.zaxxer.hikari.pool.HikariPool        : HikariPool-7 - Added connection com.mysql.cj.jdbc.ConnectionImpl@ecb18f7
2026-01-29T13:39:01.157+05:30  INFO 58195 --- [pet-clinic-backend] [  restartedMain] com.zaxxer.hikari.HikariDataSource       : HikariPool-7 - Start completed.
2026-01-29T13:39:01.174+05:30  INFO 58195 --- [pet-clinic-backend] [  restartedMain] o.hibernate.jpa.internal.util.LogHelper  : HHH000204: Processing PersistenceUnitInfo [name: default]
2026-01-29T13:39:01.175+05:30  INFO 58195 --- [pet-clinic-backend] [  restartedMain] o.h.c.internal.RegionFactoryInitiator    : HHH000026: Second-level cache disabled
2026-01-29T13:39:01.177+05:30  INFO 58195 --- [pet-clinic-backend] [  restartedMain] o.s.o.j.p.SpringPersistenceUnitInfo      : No LoadTimeWeaver setup: ignoring JPA class transformer
2026-01-29T13:39:01.177+05:30  WARN 58195 --- [pet-clinic-backend] [  restartedMain] org.hibernate.orm.deprecation            : HHH90000025: MySQL8Dialect does not need to be specified explicitly using 'hibernate.dialect' (remove the property setting and it will be selected by default)
2026-01-29T13:39:01.177+05:30  WARN 58195 --- [pet-clinic-backend] [  restartedMain] org.hibernate.orm.deprecation            : HHH90000026: MySQL8Dialect has been deprecated; use org.hibernate.dialect.MySQLDialect instead
2026-01-29T13:39:01.220+05:30  INFO 58195 --- [pet-clinic-backend] [  restartedMain] o.h.e.t.j.p.i.JtaPlatformInitiator       : HHH000489: No JTA platform available (set 'hibernate.transaction.jta.platform' to enable JTA platform integration)
2026-01-29T13:39:01.297+05:30  INFO 58195 --- [pet-clinic-backend] [  restartedMain] j.LocalContainerEntityManagerFactoryBean : Initialized JPA EntityManagerFactory for persistence unit 'default'
2026-01-29T13:39:01.555+05:30  WARN 58195 --- [pet-clinic-backend] [  restartedMain] JpaBaseConfiguration$JpaWebConfiguration : spring.jpa.open-in-view is enabled by default. Therefore, database queries may be performed during view rendering. Explicitly configure spring.jpa.open-in-view to disable this warning
2026-01-29T13:39:01.570+05:30  WARN 58195 --- [pet-clinic-backend] [  restartedMain] .s.s.UserDetailsServiceAutoConfiguration : 

Using generated security password: 2511a9b2-8d06-43fe-a16d-5d7fca631759

This generated password is for development use only. Your security configuration must be updated before running your application in production.

2026-01-29T13:39:01.697+05:30  INFO 58195 --- [pet-clinic-backend] [  restartedMain] o.s.b.a.e.web.EndpointLinksResolver      : Exposing 3 endpoint(s) beneath base path '/actuator'
2026-01-29T13:39:01.725+05:30  INFO 58195 --- [pet-clinic-backend] [  restartedMain] o.s.s.web.DefaultSecurityFilterChain     : Will secure any request with [org.springframework.security.web.session.DisableEncodeUrlFilter@1183fd87, org.springframework.security.web.context.request.async.WebAsyncManagerIntegrationFilter@595aee2, org.springframework.security.web.context.SecurityContextHolderFilter@78d9273e, org.springframework.security.web.header.HeaderWriterFilter@145baa06, org.springframework.web.filter.CorsFilter@40563169, org.springframework.security.web.authentication.logout.LogoutFilter@7c0e4e85, org.springframework.security.web.savedrequest.RequestCacheAwareFilter@50194199, org.springframework.security.web.servletapi.SecurityContextHolderAwareRequestFilter@3a096d91, org.springframework.security.web.authentication.AnonymousAuthenticationFilter@85ed72f, org.springframework.security.web.session.SessionManagementFilter@2231eb19, org.springframework.security.web.access.ExceptionTranslationFilter@63df770a, org.springframework.security.web.access.intercept.AuthorizationFilter@5673c86b]
2026-01-29T13:39:01.865+05:30  INFO 58195 --- [pet-clinic-backend] [  restartedMain] o.s.b.d.a.OptionalLiveReloadServer       : LiveReload server is running on port 35729
2026-01-29T13:39:01.877+05:30  INFO 58195 --- [pet-clinic-backend] [  restartedMain] o.s.b.w.embedded.tomcat.TomcatWebServer  : Tomcat started on port 8081 (http) with context path '/api'
2026-01-29T13:39:01.884+05:30  INFO 58195 --- [pet-clinic-backend] [  restartedMain] c.p.backend.PetClinicBackendApplication  : Started PetClinicBackendApplication in 11.811 seconds (process running for 2512.179)
2026-01-29T13:39:01.885+05:30  INFO 58195 --- [pet-clinic-backend] [  restartedMain] .ConditionEvaluationDeltaLoggingListener : Condition evaluation unchanged
2026-01-29T13:43:03.519+05:30  INFO 58195 --- [pet-clinic-backend] [   File Watcher] rtingClassPathChangeChangedEventListener : Restarting due to 18 class path changes (0 additions, 18 deletions, 0 modifications)
2026-01-29T13:43:03.534+05:30  INFO 58195 --- [pet-clinic-backend] [      Thread-30] j.LocalContainerEntityManagerFactoryBean : Closing JPA EntityManagerFactory for persistence unit 'default'
2026-01-29T13:43:03.537+05:30  INFO 58195 --- [pet-clinic-backend] [      Thread-30] com.zaxxer.hikari.HikariDataSource       : HikariPool-7 - Shutdown initiated...
2026-01-29T13:43:03.539+05:30  INFO 58195 --- [pet-clinic-backend] [      Thread-30] com.zaxxer.hikari.HikariDataSource       : HikariPool-7 - Shutdown completed.

  .   ____          _            __ _ _
 /\\ / ___'_ __ _ _(_)_ __  __ _ \ \ \ \
( ( )\___ | '_ | '_| | '_ \/ _` | \ \ \ \
 \\/  ___)| |_)| | | | | || (_| |  ) ) ) )
  '  |____| .__|_| |_|_| |_\__, | / / / /
 =========|_|==============|___/=/_/_/_/
 :: Spring Boot ::                (v3.2.1)

2026-01-29T13:43:03.628+05:30  INFO 58195 --- [pet-clinic-backend] [  restartedMain] c.p.backend.PetClinicBackendApplication  : Starting PetClinicBackendApplication using Java 21.0.1 with PID 58195 (started by Vivek in /Users/Vivek/Desktop/Cloud & Devops/pet-clinic-cicd-pipeline/pet-clinic-app/pet-clinic-backend)
2026-01-29T13:43:03.629+05:30  INFO 58195 --- [pet-clinic-backend] [  restartedMain] c.p.backend.PetClinicBackendApplication  : The following 1 profile is active: "dev"
2026-01-29T13:43:03.708+05:30  INFO 58195 --- [pet-clinic-backend] [  restartedMain] .s.d.r.c.RepositoryConfigurationDelegate : Bootstrapping Spring Data JPA repositories in DEFAULT mode.
2026-01-29T13:43:03.708+05:30  INFO 58195 --- [pet-clinic-backend] [  restartedMain] .s.d.r.c.RepositoryConfigurationDelegate : Finished Spring Data repository scanning in 0 ms. Found 0 JPA repository interfaces.
2026-01-29T13:43:03.723+05:30  WARN 58195 --- [pet-clinic-backend] [  restartedMain] ConfigServletWebServerApplicationContext : Exception encountered during context initialization - cancelling refresh attempt: java.lang.NullPointerException: Cannot read field "generatedClass" because "data" is null
2026-01-29T13:43:03.728+05:30  INFO 58195 --- [pet-clinic-backend] [  restartedMain] .s.b.a.l.ConditionEvaluationReportLogger : 

Error starting ApplicationContext. To display the condition evaluation report re-run your application with 'debug' enabled.
2026-01-29T13:43:03.729+05:30 ERROR 58195 --- [pet-clinic-backend] [  restartedMain] o.s.boot.SpringApplication               : Application run failed

java.lang.NullPointerException: Cannot read field "generatedClass" because "data" is null
	at org.springframework.cglib.proxy.Enhancer.nextInstance(Enhancer.java:783) ~[spring-core-6.1.2.jar:6.1.2]
	at org.springframework.cglib.core.AbstractClassGenerator.create(AbstractClassGenerator.java:321) ~[spring-core-6.1.2.jar:6.1.2]
	at org.springframework.cglib.proxy.Enhancer.createHelper(Enhancer.java:562) ~[spring-core-6.1.2.jar:6.1.2]
	at org.springframework.cglib.proxy.Enhancer.createClass(Enhancer.java:407) ~[spring-core-6.1.2.jar:6.1.2]
	at org.springframework.context.annotation.ConfigurationClassEnhancer.createClass(ConfigurationClassEnhancer.java:138) ~[spring-context-6.1.2.jar:6.1.2]
	at org.springframework.context.annotation.ConfigurationClassEnhancer.enhance(ConfigurationClassEnhancer.java:109) ~[spring-context-6.1.2.jar:6.1.2]
	at org.springframework.context.annotation.ConfigurationClassPostProcessor.enhanceConfigurationClasses(ConfigurationClassPostProcessor.java:533) ~[spring-context-6.1.2.jar:6.1.2]
	at org.springframework.context.annotation.ConfigurationClassPostProcessor.postProcessBeanFactory(ConfigurationClassPostProcessor.java:310) ~[spring-context-6.1.2.jar:6.1.2]
	at org.springframework.context.support.PostProcessorRegistrationDelegate.invokeBeanFactoryPostProcessors(PostProcessorRegistrationDelegate.java:363) ~[spring-context-6.1.2.jar:6.1.2]
	at org.springframework.context.support.PostProcessorRegistrationDelegate.invokeBeanFactoryPostProcessors(PostProcessorRegistrationDelegate.java:153) ~[spring-context-6.1.2.jar:6.1.2]
	at org.springframework.context.support.AbstractApplicationContext.invokeBeanFactoryPostProcessors(AbstractApplicationContext.java:789) ~[spring-context-6.1.2.jar:6.1.2]
	at org.springframework.context.support.AbstractApplicationContext.refresh(AbstractApplicationContext.java:606) ~[spring-context-6.1.2.jar:6.1.2]
	at org.springframework.boot.web.servlet.context.ServletWebServerApplicationContext.refresh(ServletWebServerApplicationContext.java:146) ~[spring-boot-3.2.1.jar:3.2.1]
	at org.springframework.boot.SpringApplication.refresh(SpringApplication.java:762) ~[spring-boot-3.2.1.jar:3.2.1]
	at org.springframework.boot.SpringApplication.refreshContext(SpringApplication.java:464) ~[spring-boot-3.2.1.jar:3.2.1]
	at org.springframework.boot.SpringApplication.run(SpringApplication.java:334) ~[spring-boot-3.2.1.jar:3.2.1]
	at org.springframework.boot.SpringApplication.run(SpringApplication.java:1358) ~[spring-boot-3.2.1.jar:3.2.1]
	at org.springframework.boot.SpringApplication.run(SpringApplication.java:1347) ~[spring-boot-3.2.1.jar:3.2.1]
	at com.petclinic.backend.PetClinicBackendApplication.main(PetClinicBackendApplication.java:14) ~[classes/:na]
	at java.base/jdk.internal.reflect.DirectMethodHandleAccessor.invoke(DirectMethodHandleAccessor.java:103) ~[na:na]
	at java.base/java.lang.reflect.Method.invoke(Method.java:580) ~[na:na]
	at org.springframework.boot.devtools.restart.RestartLauncher.run(RestartLauncher.java:50) ~[spring-boot-devtools-3.2.1.jar:3.2.1]


  .   ____          _            __ _ _
 /\\ / ___'_ __ _ _(_)_ __  __ _ \ \ \ \
( ( )\___ | '_ | '_| | '_ \/ _` | \ \ \ \
 \\/  ___)| |_)| | | | | || (_| |  ) ) ) )
  '  |____| .__|_| |_|_| |_\__, | / / / /
 =========|_|==============|___/=/_/_/_/
 :: Spring Boot ::                (v3.2.1)

2026-01-29T13:43:23.292+05:30  INFO 58195 --- [pet-clinic-backend] [  restartedMain] c.p.backend.PetClinicBackendApplication  : Starting PetClinicBackendApplication using Java 21.0.1 with PID 58195 (/Users/Vivek/Desktop/Cloud & Devops/pet-clinic-cicd-pipeline/pet-clinic-app/pet-clinic-backend/target/classes started by Vivek in /Users/Vivek/Desktop/Cloud & Devops/pet-clinic-cicd-pipeline/pet-clinic-app/pet-clinic-backend)
2026-01-29T13:43:23.292+05:30 DEBUG 58195 --- [pet-clinic-backend] [  restartedMain] c.p.backend.PetClinicBackendApplication  : Running with Spring Boot v3.2.1, Spring v6.1.2
2026-01-29T13:43:23.292+05:30  INFO 58195 --- [pet-clinic-backend] [  restartedMain] c.p.backend.PetClinicBackendApplication  : The following 1 profile is active: "dev"
2026-01-29T13:43:23.402+05:30  INFO 58195 --- [pet-clinic-backend] [  restartedMain] .s.d.r.c.RepositoryConfigurationDelegate : Bootstrapping Spring Data JPA repositories in DEFAULT mode.
2026-01-29T13:43:23.410+05:30  INFO 58195 --- [pet-clinic-backend] [  restartedMain] .s.d.r.c.RepositoryConfigurationDelegate : Finished Spring Data repository scanning in 8 ms. Found 4 JPA repository interfaces.
2026-01-29T13:43:23.507+05:30  INFO 58195 --- [pet-clinic-backend] [  restartedMain] o.s.b.w.embedded.tomcat.TomcatWebServer  : Tomcat initialized with port 8081 (http)
2026-01-29T13:43:23.507+05:30  INFO 58195 --- [pet-clinic-backend] [  restartedMain] o.apache.catalina.core.StandardService   : Starting service [Tomcat]
2026-01-29T13:43:23.507+05:30  INFO 58195 --- [pet-clinic-backend] [  restartedMain] o.apache.catalina.core.StandardEngine    : Starting Servlet engine: [Apache Tomcat/10.1.17]
2026-01-29T13:43:23.515+05:30  INFO 58195 --- [pet-clinic-backend] [  restartedMain] o.a.c.c.C.[Tomcat-1].[localhost].[/api]  : Initializing Spring embedded WebApplicationContext
2026-01-29T13:43:23.516+05:30  INFO 58195 --- [pet-clinic-backend] [  restartedMain] w.s.c.ServletWebServerApplicationContext : Root WebApplicationContext: initialization completed in 223 ms
2026-01-29T13:43:23.597+05:30  INFO 58195 --- [pet-clinic-backend] [  restartedMain] com.zaxxer.hikari.HikariDataSource       : HikariPool-8 - Starting...
2026-01-29T13:43:23.653+05:30  INFO 58195 --- [pet-clinic-backend] [  restartedMain] com.zaxxer.hikari.pool.HikariPool        : HikariPool-8 - Added connection com.mysql.cj.jdbc.ConnectionImpl@11e6b8
2026-01-29T13:43:23.653+05:30  INFO 58195 --- [pet-clinic-backend] [  restartedMain] com.zaxxer.hikari.HikariDataSource       : HikariPool-8 - Start completed.
2026-01-29T13:43:23.669+05:30  INFO 58195 --- [pet-clinic-backend] [  restartedMain] o.hibernate.jpa.internal.util.LogHelper  : HHH000204: Processing PersistenceUnitInfo [name: default]
2026-01-29T13:43:23.670+05:30  INFO 58195 --- [pet-clinic-backend] [  restartedMain] o.h.c.internal.RegionFactoryInitiator    : HHH000026: Second-level cache disabled
2026-01-29T13:43:23.672+05:30  INFO 58195 --- [pet-clinic-backend] [  restartedMain] o.s.o.j.p.SpringPersistenceUnitInfo      : No LoadTimeWeaver setup: ignoring JPA class transformer
2026-01-29T13:43:23.673+05:30  WARN 58195 --- [pet-clinic-backend] [  restartedMain] org.hibernate.orm.deprecation            : HHH90000025: MySQL8Dialect does not need to be specified explicitly using 'hibernate.dialect' (remove the property setting and it will be selected by default)
2026-01-29T13:43:23.673+05:30  WARN 58195 --- [pet-clinic-backend] [  restartedMain] org.hibernate.orm.deprecation            : HHH90000026: MySQL8Dialect has been deprecated; use org.hibernate.dialect.MySQLDialect instead
2026-01-29T13:43:23.713+05:30  INFO 58195 --- [pet-clinic-backend] [  restartedMain] o.h.e.t.j.p.i.JtaPlatformInitiator       : HHH000489: No JTA platform available (set 'hibernate.transaction.jta.platform' to enable JTA platform integration)
2026-01-29T13:43:23.918+05:30  INFO 58195 --- [pet-clinic-backend] [  restartedMain] j.LocalContainerEntityManagerFactoryBean : Initialized JPA EntityManagerFactory for persistence unit 'default'
2026-01-29T13:43:24.178+05:30  WARN 58195 --- [pet-clinic-backend] [  restartedMain] JpaBaseConfiguration$JpaWebConfiguration : spring.jpa.open-in-view is enabled by default. Therefore, database queries may be performed during view rendering. Explicitly configure spring.jpa.open-in-view to disable this warning
2026-01-29T13:43:24.193+05:30  WARN 58195 --- [pet-clinic-backend] [  restartedMain] .s.s.UserDetailsServiceAutoConfiguration : 

Using generated security password: 42e7e04a-b071-48bd-878c-e2cf286601b9

This generated password is for development use only. Your security configuration must be updated before running your application in production.

2026-01-29T13:43:24.329+05:30  INFO 58195 --- [pet-clinic-backend] [  restartedMain] o.s.b.a.e.web.EndpointLinksResolver      : Exposing 3 endpoint(s) beneath base path '/actuator'
2026-01-29T13:43:24.355+05:30  INFO 58195 --- [pet-clinic-backend] [  restartedMain] o.s.s.web.DefaultSecurityFilterChain     : Will secure any request with [org.springframework.security.web.session.DisableEncodeUrlFilter@20966293, org.springframework.security.web.context.request.async.WebAsyncManagerIntegrationFilter@45e249e6, org.springframework.security.web.context.SecurityContextHolderFilter@5e78df43, org.springframework.security.web.header.HeaderWriterFilter@413b61b7, org.springframework.web.filter.CorsFilter@3bc81ed0, org.springframework.security.web.authentication.logout.LogoutFilter@1bb747a4, org.springframework.security.web.savedrequest.RequestCacheAwareFilter@6387eb54, org.springframework.security.web.servletapi.SecurityContextHolderAwareRequestFilter@7b738903, org.springframework.security.web.authentication.AnonymousAuthenticationFilter@30933772, org.springframework.security.web.session.SessionManagementFilter@63c7945d, org.springframework.security.web.access.ExceptionTranslationFilter@39ab91bc, org.springframework.security.web.access.intercept.AuthorizationFilter@f72888d]
2026-01-29T13:43:24.486+05:30  INFO 58195 --- [pet-clinic-backend] [  restartedMain] o.s.b.d.a.OptionalLiveReloadServer       : LiveReload server is running on port 35729
2026-01-29T13:43:24.498+05:30  INFO 58195 --- [pet-clinic-backend] [  restartedMain] o.s.b.w.embedded.tomcat.TomcatWebServer  : Tomcat started on port 8081 (http) with context path '/api'
2026-01-29T13:43:24.503+05:30  INFO 58195 --- [pet-clinic-backend] [  restartedMain] c.p.backend.PetClinicBackendApplication  : Started PetClinicBackendApplication in 1.232 seconds (process running for 2774.795)
2026-01-29T13:43:24.504+05:30  INFO 58195 --- [pet-clinic-backend] [  restartedMain] .ConditionEvaluationDeltaLoggingListener : Condition evaluation unchanged
2026-01-29T13:48:18.556+05:30  INFO 58195 --- [pet-clinic-backend] [   File Watcher] rtingClassPathChangeChangedEventListener : Restarting due to 18 class path changes (0 additions, 18 deletions, 0 modifications)
2026-01-29T13:48:18.574+05:30  INFO 58195 --- [pet-clinic-backend] [      Thread-34] j.LocalContainerEntityManagerFactoryBean : Closing JPA EntityManagerFactory for persistence unit 'default'
2026-01-29T13:48:18.578+05:30  INFO 58195 --- [pet-clinic-backend] [      Thread-34] com.zaxxer.hikari.HikariDataSource       : HikariPool-8 - Shutdown initiated...
2026-01-29T13:48:18.582+05:30  INFO 58195 --- [pet-clinic-backend] [      Thread-34] com.zaxxer.hikari.HikariDataSource       : HikariPool-8 - Shutdown completed.

  .   ____          _            __ _ _
 /\\ / ___'_ __ _ _(_)_ __  __ _ \ \ \ \
( ( )\___ | '_ | '_| | '_ \/ _` | \ \ \ \
 \\/  ___)| |_)| | | | | || (_| |  ) ) ) )
  '  |____| .__|_| |_|_| |_\__, | / / / /
 =========|_|==============|___/=/_/_/_/
 :: Spring Boot ::                (v3.2.1)

2026-01-29T13:48:18.657+05:30  INFO 58195 --- [pet-clinic-backend] [  restartedMain] c.p.backend.PetClinicBackendApplication  : Starting PetClinicBackendApplication using Java 21.0.1 with PID 58195 (started by Vivek in /Users/Vivek/Desktop/Cloud & Devops/pet-clinic-cicd-pipeline/pet-clinic-app/pet-clinic-backend)
2026-01-29T13:48:18.657+05:30  INFO 58195 --- [pet-clinic-backend] [  restartedMain] c.p.backend.PetClinicBackendApplication  : The following 1 profile is active: "dev"
2026-01-29T13:48:18.751+05:30  INFO 58195 --- [pet-clinic-backend] [  restartedMain] .s.d.r.c.RepositoryConfigurationDelegate : Bootstrapping Spring Data JPA repositories in DEFAULT mode.
2026-01-29T13:48:18.752+05:30  INFO 58195 --- [pet-clinic-backend] [  restartedMain] .s.d.r.c.RepositoryConfigurationDelegate : Finished Spring Data repository scanning in 0 ms. Found 0 JPA repository interfaces.
2026-01-29T13:48:18.766+05:30  WARN 58195 --- [pet-clinic-backend] [  restartedMain] ConfigServletWebServerApplicationContext : Exception encountered during context initialization - cancelling refresh attempt: java.lang.NullPointerException: Cannot read field "generatedClass" because "data" is null
2026-01-29T13:48:18.770+05:30  INFO 58195 --- [pet-clinic-backend] [  restartedMain] .s.b.a.l.ConditionEvaluationReportLogger : 

Error starting ApplicationContext. To display the condition evaluation report re-run your application with 'debug' enabled.
2026-01-29T13:48:18.771+05:30 ERROR 58195 --- [pet-clinic-backend] [  restartedMain] o.s.boot.SpringApplication               : Application run failed

java.lang.NullPointerException: Cannot read field "generatedClass" because "data" is null
	at org.springframework.cglib.proxy.Enhancer.nextInstance(Enhancer.java:783) ~[spring-core-6.1.2.jar:6.1.2]
	at org.springframework.cglib.core.AbstractClassGenerator.create(AbstractClassGenerator.java:321) ~[spring-core-6.1.2.jar:6.1.2]
	at org.springframework.cglib.proxy.Enhancer.createHelper(Enhancer.java:562) ~[spring-core-6.1.2.jar:6.1.2]
	at org.springframework.cglib.proxy.Enhancer.createClass(Enhancer.java:407) ~[spring-core-6.1.2.jar:6.1.2]
	at org.springframework.context.annotation.ConfigurationClassEnhancer.createClass(ConfigurationClassEnhancer.java:138) ~[spring-context-6.1.2.jar:6.1.2]
	at org.springframework.context.annotation.ConfigurationClassEnhancer.enhance(ConfigurationClassEnhancer.java:109) ~[spring-context-6.1.2.jar:6.1.2]
	at org.springframework.context.annotation.ConfigurationClassPostProcessor.enhanceConfigurationClasses(ConfigurationClassPostProcessor.java:533) ~[spring-context-6.1.2.jar:6.1.2]
	at org.springframework.context.annotation.ConfigurationClassPostProcessor.postProcessBeanFactory(ConfigurationClassPostProcessor.java:310) ~[spring-context-6.1.2.jar:6.1.2]
	at org.springframework.context.support.PostProcessorRegistrationDelegate.invokeBeanFactoryPostProcessors(PostProcessorRegistrationDelegate.java:363) ~[spring-context-6.1.2.jar:6.1.2]
	at org.springframework.context.support.PostProcessorRegistrationDelegate.invokeBeanFactoryPostProcessors(PostProcessorRegistrationDelegate.java:153) ~[spring-context-6.1.2.jar:6.1.2]
	at org.springframework.context.support.AbstractApplicationContext.invokeBeanFactoryPostProcessors(AbstractApplicationContext.java:789) ~[spring-context-6.1.2.jar:6.1.2]
	at org.springframework.context.support.AbstractApplicationContext.refresh(AbstractApplicationContext.java:606) ~[spring-context-6.1.2.jar:6.1.2]
	at org.springframework.boot.web.servlet.context.ServletWebServerApplicationContext.refresh(ServletWebServerApplicationContext.java:146) ~[spring-boot-3.2.1.jar:3.2.1]
	at org.springframework.boot.SpringApplication.refresh(SpringApplication.java:762) ~[spring-boot-3.2.1.jar:3.2.1]
	at org.springframework.boot.SpringApplication.refreshContext(SpringApplication.java:464) ~[spring-boot-3.2.1.jar:3.2.1]
	at org.springframework.boot.SpringApplication.run(SpringApplication.java:334) ~[spring-boot-3.2.1.jar:3.2.1]
	at org.springframework.boot.SpringApplication.run(SpringApplication.java:1358) ~[spring-boot-3.2.1.jar:3.2.1]
	at org.springframework.boot.SpringApplication.run(SpringApplication.java:1347) ~[spring-boot-3.2.1.jar:3.2.1]
	at com.petclinic.backend.PetClinicBackendApplication.main(PetClinicBackendApplication.java:14) ~[classes/:na]
	at java.base/jdk.internal.reflect.DirectMethodHandleAccessor.invoke(DirectMethodHandleAccessor.java:103) ~[na:na]
	at java.base/java.lang.reflect.Method.invoke(Method.java:580) ~[na:na]
	at org.springframework.boot.devtools.restart.RestartLauncher.run(RestartLauncher.java:50) ~[spring-boot-devtools-3.2.1.jar:3.2.1]


  .   ____          _            __ _ _
 /\\ / ___'_ __ _ _(_)_ __  __ _ \ \ \ \
( ( )\___ | '_ | '_| | '_ \/ _` | \ \ \ \
 \\/  ___)| |_)| | | | | || (_| |  ) ) ) )
  '  |____| .__|_| |_|_| |_\__, | / / / /
 =========|_|==============|___/=/_/_/_/
 :: Spring Boot ::                (v3.2.1)

2026-01-29T13:48:28.101+05:30  INFO 58195 --- [pet-clinic-backend] [  restartedMain] c.p.backend.PetClinicBackendApplication  : Starting PetClinicBackendApplication using Java 21.0.1 with PID 58195 (/Users/Vivek/Desktop/Cloud & Devops/pet-clinic-cicd-pipeline/pet-clinic-app/pet-clinic-backend/target/classes started by Vivek in /Users/Vivek/Desktop/Cloud & Devops/pet-clinic-cicd-pipeline/pet-clinic-app/pet-clinic-backend)
2026-01-29T13:48:28.102+05:30 DEBUG 58195 --- [pet-clinic-backend] [  restartedMain] c.p.backend.PetClinicBackendApplication  : Running with Spring Boot v3.2.1, Spring v6.1.2
2026-01-29T13:48:28.102+05:30  INFO 58195 --- [pet-clinic-backend] [  restartedMain] c.p.backend.PetClinicBackendApplication  : The following 1 profile is active: "dev"
2026-01-29T13:48:28.231+05:30  INFO 58195 --- [pet-clinic-backend] [  restartedMain] .s.d.r.c.RepositoryConfigurationDelegate : Bootstrapping Spring Data JPA repositories in DEFAULT mode.
2026-01-29T13:48:28.237+05:30  INFO 58195 --- [pet-clinic-backend] [  restartedMain] .s.d.r.c.RepositoryConfigurationDelegate : Finished Spring Data repository scanning in 5 ms. Found 4 JPA repository interfaces.
2026-01-29T13:48:28.377+05:30  INFO 58195 --- [pet-clinic-backend] [  restartedMain] o.s.b.w.embedded.tomcat.TomcatWebServer  : Tomcat initialized with port 8081 (http)
2026-01-29T13:48:28.378+05:30  INFO 58195 --- [pet-clinic-backend] [  restartedMain] o.apache.catalina.core.StandardService   : Starting service [Tomcat]
2026-01-29T13:48:28.379+05:30  INFO 58195 --- [pet-clinic-backend] [  restartedMain] o.apache.catalina.core.StandardEngine    : Starting Servlet engine: [Apache Tomcat/10.1.17]
2026-01-29T13:48:28.383+05:30  INFO 58195 --- [pet-clinic-backend] [  restartedMain] o.a.c.c.C.[Tomcat-1].[localhost].[/api]  : Initializing Spring embedded WebApplicationContext
2026-01-29T13:48:28.383+05:30  INFO 58195 --- [pet-clinic-backend] [  restartedMain] w.s.c.ServletWebServerApplicationContext : Root WebApplicationContext: initialization completed in 280 ms
2026-01-29T13:48:28.452+05:30  INFO 58195 --- [pet-clinic-backend] [  restartedMain] com.zaxxer.hikari.HikariDataSource       : HikariPool-9 - Starting...
2026-01-29T13:48:28.634+05:30  INFO 58195 --- [pet-clinic-backend] [  restartedMain] com.zaxxer.hikari.pool.HikariPool        : HikariPool-9 - Added connection com.mysql.cj.jdbc.ConnectionImpl@23897d2e
2026-01-29T13:48:28.634+05:30  INFO 58195 --- [pet-clinic-backend] [  restartedMain] com.zaxxer.hikari.HikariDataSource       : HikariPool-9 - Start completed.
2026-01-29T13:48:28.658+05:30  INFO 58195 --- [pet-clinic-backend] [  restartedMain] o.hibernate.jpa.internal.util.LogHelper  : HHH000204: Processing PersistenceUnitInfo [name: default]
2026-01-29T13:48:28.659+05:30  INFO 58195 --- [pet-clinic-backend] [  restartedMain] o.h.c.internal.RegionFactoryInitiator    : HHH000026: Second-level cache disabled
2026-01-29T13:48:28.661+05:30  INFO 58195 --- [pet-clinic-backend] [  restartedMain] o.s.o.j.p.SpringPersistenceUnitInfo      : No LoadTimeWeaver setup: ignoring JPA class transformer
2026-01-29T13:48:28.661+05:30  WARN 58195 --- [pet-clinic-backend] [  restartedMain] org.hibernate.orm.deprecation            : HHH90000025: MySQL8Dialect does not need to be specified explicitly using 'hibernate.dialect' (remove the property setting and it will be selected by default)
2026-01-29T13:48:28.661+05:30  WARN 58195 --- [pet-clinic-backend] [  restartedMain] org.hibernate.orm.deprecation            : HHH90000026: MySQL8Dialect has been deprecated; use org.hibernate.dialect.MySQLDialect instead
2026-01-29T13:48:28.702+05:30  INFO 58195 --- [pet-clinic-backend] [  restartedMain] o.h.e.t.j.p.i.JtaPlatformInitiator       : HHH000489: No JTA platform available (set 'hibernate.transaction.jta.platform' to enable JTA platform integration)
2026-01-29T13:48:28.864+05:30  INFO 58195 --- [pet-clinic-backend] [  restartedMain] j.LocalContainerEntityManagerFactoryBean : Initialized JPA EntityManagerFactory for persistence unit 'default'
2026-01-29T13:48:29.119+05:30  WARN 58195 --- [pet-clinic-backend] [  restartedMain] JpaBaseConfiguration$JpaWebConfiguration : spring.jpa.open-in-view is enabled by default. Therefore, database queries may be performed during view rendering. Explicitly configure spring.jpa.open-in-view to disable this warning
2026-01-29T13:48:29.133+05:30  WARN 58195 --- [pet-clinic-backend] [  restartedMain] .s.s.UserDetailsServiceAutoConfiguration : 

Using generated security password: bc379010-bc88-4db3-816d-f301691fc9c4

This generated password is for development use only. Your security configuration must be updated before running your application in production.

2026-01-29T13:48:29.251+05:30  INFO 58195 --- [pet-clinic-backend] [  restartedMain] o.s.b.a.e.web.EndpointLinksResolver      : Exposing 3 endpoint(s) beneath base path '/actuator'
2026-01-29T13:48:29.276+05:30  INFO 58195 --- [pet-clinic-backend] [  restartedMain] o.s.s.web.DefaultSecurityFilterChain     : Will secure any request with [org.springframework.security.web.session.DisableEncodeUrlFilter@40c1b6, org.springframework.security.web.context.request.async.WebAsyncManagerIntegrationFilter@2f038384, org.springframework.security.web.context.SecurityContextHolderFilter@b31256b, org.springframework.security.web.header.HeaderWriterFilter@7017c8dd, org.springframework.web.filter.CorsFilter@6820690e, org.springframework.security.web.authentication.logout.LogoutFilter@51758b4e, org.springframework.security.web.savedrequest.RequestCacheAwareFilter@59161929, org.springframework.security.web.servletapi.SecurityContextHolderAwareRequestFilter@168e153f, org.springframework.security.web.authentication.AnonymousAuthenticationFilter@57ef3ba4, org.springframework.security.web.session.SessionManagementFilter@37470872, org.springframework.security.web.access.ExceptionTranslationFilter@a44fad1, org.springframework.security.web.access.intercept.AuthorizationFilter@15815da]
2026-01-29T13:48:29.418+05:30  INFO 58195 --- [pet-clinic-backend] [  restartedMain] o.s.b.d.a.OptionalLiveReloadServer       : LiveReload server is running on port 35729
2026-01-29T13:48:29.433+05:30  INFO 58195 --- [pet-clinic-backend] [  restartedMain] o.s.b.w.embedded.tomcat.TomcatWebServer  : Tomcat started on port 8081 (http) with context path '/api'
2026-01-29T13:48:29.438+05:30  INFO 58195 --- [pet-clinic-backend] [  restartedMain] c.p.backend.PetClinicBackendApplication  : Started PetClinicBackendApplication in 1.364 seconds (process running for 3079.73)
2026-01-29T13:48:29.439+05:30  INFO 58195 --- [pet-clinic-backend] [  restartedMain] .ConditionEvaluationDeltaLoggingListener : Condition evaluation unchanged
2026-01-29T14:03:35.870+05:30  INFO 58195 --- [pet-clinic-backend] [   File Watcher] rtingClassPathChangeChangedEventListener : Restarting due to 18 class path changes (0 additions, 0 deletions, 18 modifications)
2026-01-29T14:03:35.982+05:30  INFO 58195 --- [pet-clinic-backend] [      Thread-41] j.LocalContainerEntityManagerFactoryBean : Closing JPA EntityManagerFactory for persistence unit 'default'
2026-01-29T14:03:36.025+05:30  INFO 58195 --- [pet-clinic-backend] [      Thread-41] com.zaxxer.hikari.HikariDataSource       : HikariPool-9 - Shutdown initiated...
2026-01-29T14:03:36.039+05:30  INFO 58195 --- [pet-clinic-backend] [      Thread-41] com.zaxxer.hikari.HikariDataSource       : HikariPool-9 - Shutdown completed.

  .   ____          _            __ _ _
 /\\ / ___'_ __ _ _(_)_ __  __ _ \ \ \ \
( ( )\___ | '_ | '_| | '_ \/ _` | \ \ \ \
 \\/  ___)| |_)| | | | | || (_| |  ) ) ) )
  '  |____| .__|_| |_|_| |_\__, | / / / /
 =========|_|==============|___/=/_/_/_/
 :: Spring Boot ::                (v3.2.1)

2026-01-29T14:03:36.301+05:30  INFO 58195 --- [pet-clinic-backend] [  restartedMain] c.p.backend.PetClinicBackendApplication  : Starting PetClinicBackendApplication using Java 21.0.1 with PID 58195 (/Users/Vivek/Desktop/Cloud & Devops/pet-clinic-cicd-pipeline/pet-clinic-app/pet-clinic-backend/target/classes started by Vivek in /Users/Vivek/Desktop/Cloud & Devops/pet-clinic-cicd-pipeline/pet-clinic-app/pet-clinic-backend)
2026-01-29T14:03:36.301+05:30 DEBUG 58195 --- [pet-clinic-backend] [  restartedMain] c.p.backend.PetClinicBackendApplication  : Running with Spring Boot v3.2.1, Spring v6.1.2
2026-01-29T14:03:36.301+05:30  INFO 58195 --- [pet-clinic-backend] [  restartedMain] c.p.backend.PetClinicBackendApplication  : The following 1 profile is active: "dev"
2026-01-29T14:03:36.453+05:30  INFO 58195 --- [pet-clinic-backend] [  restartedMain] .s.d.r.c.RepositoryConfigurationDelegate : Bootstrapping Spring Data JPA repositories in DEFAULT mode.
2026-01-29T14:03:36.460+05:30  INFO 58195 --- [pet-clinic-backend] [  restartedMain] .s.d.r.c.RepositoryConfigurationDelegate : Finished Spring Data repository scanning in 6 ms. Found 4 JPA repository interfaces.
2026-01-29T14:03:36.588+05:30  INFO 58195 --- [pet-clinic-backend] [  restartedMain] o.s.b.w.embedded.tomcat.TomcatWebServer  : Tomcat initialized with port 8081 (http)
2026-01-29T14:03:36.591+05:30  INFO 58195 --- [pet-clinic-backend] [  restartedMain] o.apache.catalina.core.StandardService   : Starting service [Tomcat]
2026-01-29T14:03:36.591+05:30  INFO 58195 --- [pet-clinic-backend] [  restartedMain] o.apache.catalina.core.StandardEngine    : Starting Servlet engine: [Apache Tomcat/10.1.17]
2026-01-29T14:03:36.625+05:30  INFO 58195 --- [pet-clinic-backend] [  restartedMain] o.a.c.c.C.[Tomcat-1].[localhost].[/api]  : Initializing Spring embedded WebApplicationContext
2026-01-29T14:03:36.626+05:30  INFO 58195 --- [pet-clinic-backend] [  restartedMain] w.s.c.ServletWebServerApplicationContext : Root WebApplicationContext: initialization completed in 323 ms
2026-01-29T14:03:36.706+05:30  INFO 58195 --- [pet-clinic-backend] [  restartedMain] com.zaxxer.hikari.HikariDataSource       : HikariPool-10 - Starting...
2026-01-29T14:03:36.745+05:30  INFO 58195 --- [pet-clinic-backend] [  restartedMain] com.zaxxer.hikari.pool.HikariPool        : HikariPool-10 - Added connection com.mysql.cj.jdbc.ConnectionImpl@64c867aa
2026-01-29T14:03:36.745+05:30  INFO 58195 --- [pet-clinic-backend] [  restartedMain] com.zaxxer.hikari.HikariDataSource       : HikariPool-10 - Start completed.
2026-01-29T14:03:36.762+05:30  INFO 58195 --- [pet-clinic-backend] [  restartedMain] o.hibernate.jpa.internal.util.LogHelper  : HHH000204: Processing PersistenceUnitInfo [name: default]
2026-01-29T14:03:36.763+05:30  INFO 58195 --- [pet-clinic-backend] [  restartedMain] o.h.c.internal.RegionFactoryInitiator    : HHH000026: Second-level cache disabled
2026-01-29T14:03:36.765+05:30  INFO 58195 --- [pet-clinic-backend] [  restartedMain] o.s.o.j.p.SpringPersistenceUnitInfo      : No LoadTimeWeaver setup: ignoring JPA class transformer
2026-01-29T14:03:36.765+05:30  WARN 58195 --- [pet-clinic-backend] [  restartedMain] org.hibernate.orm.deprecation            : HHH90000025: MySQL8Dialect does not need to be specified explicitly using 'hibernate.dialect' (remove the property setting and it will be selected by default)
2026-01-29T14:03:36.765+05:30  WARN 58195 --- [pet-clinic-backend] [  restartedMain] org.hibernate.orm.deprecation            : HHH90000026: MySQL8Dialect has been deprecated; use org.hibernate.dialect.MySQLDialect instead
2026-01-29T14:03:36.807+05:30  INFO 58195 --- [pet-clinic-backend] [  restartedMain] o.h.e.t.j.p.i.JtaPlatformInitiator       : HHH000489: No JTA platform available (set 'hibernate.transaction.jta.platform' to enable JTA platform integration)
2026-01-29T14:03:37.008+05:30  INFO 58195 --- [pet-clinic-backend] [  restartedMain] j.LocalContainerEntityManagerFactoryBean : Initialized JPA EntityManagerFactory for persistence unit 'default'
2026-01-29T14:03:37.333+05:30  WARN 58195 --- [pet-clinic-backend] [  restartedMain] JpaBaseConfiguration$JpaWebConfiguration : spring.jpa.open-in-view is enabled by default. Therefore, database queries may be performed during view rendering. Explicitly configure spring.jpa.open-in-view to disable this warning
2026-01-29T14:03:37.348+05:30  WARN 58195 --- [pet-clinic-backend] [  restartedMain] .s.s.UserDetailsServiceAutoConfiguration : 

Using generated security password: d792f55c-dc90-47be-980a-bb3d92b4cea1

This generated password is for development use only. Your security configuration must be updated before running your application in production.

2026-01-29T14:03:37.504+05:30  INFO 58195 --- [pet-clinic-backend] [  restartedMain] o.s.b.a.e.web.EndpointLinksResolver      : Exposing 3 endpoint(s) beneath base path '/actuator'
2026-01-29T14:03:37.550+05:30  INFO 58195 --- [pet-clinic-backend] [  restartedMain] o.s.s.web.DefaultSecurityFilterChain     : Will secure any request with [org.springframework.security.web.session.DisableEncodeUrlFilter@7dd376b4, org.springframework.security.web.context.request.async.WebAsyncManagerIntegrationFilter@45169d12, org.springframework.security.web.context.SecurityContextHolderFilter@10d6d316, org.springframework.security.web.header.HeaderWriterFilter@5568df40, org.springframework.web.filter.CorsFilter@78ecd24c, org.springframework.security.web.authentication.logout.LogoutFilter@1de87882, org.springframework.security.web.savedrequest.RequestCacheAwareFilter@2b3ac4, org.springframework.security.web.servletapi.SecurityContextHolderAwareRequestFilter@785fe493, org.springframework.security.web.authentication.AnonymousAuthenticationFilter@6a83a8dd, org.springframework.security.web.session.SessionManagementFilter@62bfceb9, org.springframework.security.web.access.ExceptionTranslationFilter@17563c61, org.springframework.security.web.access.intercept.AuthorizationFilter@5f47cbe3]
2026-01-29T14:03:37.732+05:30  INFO 58195 --- [pet-clinic-backend] [  restartedMain] o.s.b.d.a.OptionalLiveReloadServer       : LiveReload server is running on port 35729
2026-01-29T14:03:37.745+05:30  INFO 58195 --- [pet-clinic-backend] [  restartedMain] o.s.b.w.embedded.tomcat.TomcatWebServer  : Tomcat started on port 8081 (http) with context path '/api'
2026-01-29T14:03:37.749+05:30  INFO 58195 --- [pet-clinic-backend] [  restartedMain] c.p.backend.PetClinicBackendApplication  : Started PetClinicBackendApplication in 1.468 seconds (process running for 3988.039)
2026-01-29T14:03:37.750+05:30  INFO 58195 --- [pet-clinic-backend] [  restartedMain] .ConditionEvaluationDeltaLoggingListener : Condition evaluation unchanged
2026-01-29T14:10:07.682+05:30  INFO 58195 --- [pet-clinic-backend] [   File Watcher] rtingClassPathChangeChangedEventListener : Restarting due to 18 class path changes (0 additions, 0 deletions, 18 modifications)
2026-01-29T14:10:07.723+05:30  INFO 58195 --- [pet-clinic-backend] [      Thread-48] j.LocalContainerEntityManagerFactoryBean : Closing JPA EntityManagerFactory for persistence unit 'default'
2026-01-29T14:10:07.731+05:30  INFO 58195 --- [pet-clinic-backend] [      Thread-48] com.zaxxer.hikari.HikariDataSource       : HikariPool-10 - Shutdown initiated...
2026-01-29T14:10:07.738+05:30  INFO 58195 --- [pet-clinic-backend] [      Thread-48] com.zaxxer.hikari.HikariDataSource       : HikariPool-10 - Shutdown completed.

  .   ____          _            __ _ _
 /\\ / ___'_ __ _ _(_)_ __  __ _ \ \ \ \
( ( )\___ | '_ | '_| | '_ \/ _` | \ \ \ \
 \\/  ___)| |_)| | | | | || (_| |  ) ) ) )
  '  |____| .__|_| |_|_| |_\__, | / / / /
 =========|_|==============|___/=/_/_/_/
 :: Spring Boot ::                (v3.2.1)

2026-01-29T14:10:07.857+05:30  INFO 58195 --- [pet-clinic-backend] [  restartedMain] c.p.backend.PetClinicBackendApplication  : Starting PetClinicBackendApplication using Java 21.0.1 with PID 58195 (/Users/Vivek/Desktop/Cloud & Devops/pet-clinic-cicd-pipeline/pet-clinic-app/pet-clinic-backend/target/classes started by Vivek in /Users/Vivek/Desktop/Cloud & Devops/pet-clinic-cicd-pipeline/pet-clinic-app/pet-clinic-backend)
2026-01-29T14:10:07.857+05:30 DEBUG 58195 --- [pet-clinic-backend] [  restartedMain] c.p.backend.PetClinicBackendApplication  : Running with Spring Boot v3.2.1, Spring v6.1.2
2026-01-29T14:10:07.857+05:30  INFO 58195 --- [pet-clinic-backend] [  restartedMain] c.p.backend.PetClinicBackendApplication  : The following 1 profile is active: "dev"
2026-01-29T14:10:07.981+05:30  INFO 58195 --- [pet-clinic-backend] [  restartedMain] .s.d.r.c.RepositoryConfigurationDelegate : Bootstrapping Spring Data JPA repositories in DEFAULT mode.
2026-01-29T14:10:07.986+05:30  INFO 58195 --- [pet-clinic-backend] [  restartedMain] .s.d.r.c.RepositoryConfigurationDelegate : Finished Spring Data repository scanning in 5 ms. Found 4 JPA repository interfaces.
2026-01-29T14:10:08.099+05:30  INFO 58195 --- [pet-clinic-backend] [  restartedMain] o.s.b.w.embedded.tomcat.TomcatWebServer  : Tomcat initialized with port 8081 (http)
2026-01-29T14:10:08.099+05:30  INFO 58195 --- [pet-clinic-backend] [  restartedMain] o.apache.catalina.core.StandardService   : Starting service [Tomcat]
2026-01-29T14:10:08.099+05:30  INFO 58195 --- [pet-clinic-backend] [  restartedMain] o.apache.catalina.core.StandardEngine    : Starting Servlet engine: [Apache Tomcat/10.1.17]
2026-01-29T14:10:08.116+05:30  INFO 58195 --- [pet-clinic-backend] [  restartedMain] o.a.c.c.C.[Tomcat-1].[localhost].[/api]  : Initializing Spring embedded WebApplicationContext
2026-01-29T14:10:08.116+05:30  INFO 58195 --- [pet-clinic-backend] [  restartedMain] w.s.c.ServletWebServerApplicationContext : Root WebApplicationContext: initialization completed in 258 ms
2026-01-29T14:10:08.190+05:30  INFO 58195 --- [pet-clinic-backend] [  restartedMain] com.zaxxer.hikari.HikariDataSource       : HikariPool-11 - Starting...
2026-01-29T14:10:08.228+05:30  INFO 58195 --- [pet-clinic-backend] [  restartedMain] com.zaxxer.hikari.pool.HikariPool        : HikariPool-11 - Added connection com.mysql.cj.jdbc.ConnectionImpl@4a414fda
2026-01-29T14:10:08.228+05:30  INFO 58195 --- [pet-clinic-backend] [  restartedMain] com.zaxxer.hikari.HikariDataSource       : HikariPool-11 - Start completed.
2026-01-29T14:10:08.244+05:30  INFO 58195 --- [pet-clinic-backend] [  restartedMain] o.hibernate.jpa.internal.util.LogHelper  : HHH000204: Processing PersistenceUnitInfo [name: default]
2026-01-29T14:10:08.245+05:30  INFO 58195 --- [pet-clinic-backend] [  restartedMain] o.h.c.internal.RegionFactoryInitiator    : HHH000026: Second-level cache disabled
2026-01-29T14:10:08.246+05:30  INFO 58195 --- [pet-clinic-backend] [  restartedMain] o.s.o.j.p.SpringPersistenceUnitInfo      : No LoadTimeWeaver setup: ignoring JPA class transformer
2026-01-29T14:10:08.247+05:30  WARN 58195 --- [pet-clinic-backend] [  restartedMain] org.hibernate.orm.deprecation            : HHH90000025: MySQL8Dialect does not need to be specified explicitly using 'hibernate.dialect' (remove the property setting and it will be selected by default)
2026-01-29T14:10:08.247+05:30  WARN 58195 --- [pet-clinic-backend] [  restartedMain] org.hibernate.orm.deprecation            : HHH90000026: MySQL8Dialect has been deprecated; use org.hibernate.dialect.MySQLDialect instead
2026-01-29T14:10:08.284+05:30  INFO 58195 --- [pet-clinic-backend] [  restartedMain] o.h.e.t.j.p.i.JtaPlatformInitiator       : HHH000489: No JTA platform available (set 'hibernate.transaction.jta.platform' to enable JTA platform integration)
2026-01-29T14:10:08.471+05:30  INFO 58195 --- [pet-clinic-backend] [  restartedMain] j.LocalContainerEntityManagerFactoryBean : Initialized JPA EntityManagerFactory for persistence unit 'default'
2026-01-29T14:10:08.776+05:30  WARN 58195 --- [pet-clinic-backend] [  restartedMain] JpaBaseConfiguration$JpaWebConfiguration : spring.jpa.open-in-view is enabled by default. Therefore, database queries may be performed during view rendering. Explicitly configure spring.jpa.open-in-view to disable this warning
2026-01-29T14:10:08.793+05:30  WARN 58195 --- [pet-clinic-backend] [  restartedMain] .s.s.UserDetailsServiceAutoConfiguration : 

Using generated security password: 8bb60109-a8f4-40a1-a02e-1c1ef70671fe

This generated password is for development use only. Your security configuration must be updated before running your application in production.

2026-01-29T14:10:08.931+05:30  INFO 58195 --- [pet-clinic-backend] [  restartedMain] o.s.b.a.e.web.EndpointLinksResolver      : Exposing 3 endpoint(s) beneath base path '/actuator'
2026-01-29T14:10:08.956+05:30  INFO 58195 --- [pet-clinic-backend] [  restartedMain] o.s.s.web.DefaultSecurityFilterChain     : Will secure any request with [org.springframework.security.web.session.DisableEncodeUrlFilter@420cd5fc, org.springframework.security.web.context.request.async.WebAsyncManagerIntegrationFilter@354a0543, org.springframework.security.web.context.SecurityContextHolderFilter@4d704085, org.springframework.security.web.header.HeaderWriterFilter@4a54182c, org.springframework.web.filter.CorsFilter@620c6f2e, org.springframework.security.web.authentication.logout.LogoutFilter@40264a72, org.springframework.security.web.savedrequest.RequestCacheAwareFilter@6788d5f8, org.springframework.security.web.servletapi.SecurityContextHolderAwareRequestFilter@723e5024, org.springframework.security.web.authentication.AnonymousAuthenticationFilter@42fe8f91, org.springframework.security.web.session.SessionManagementFilter@2ecb476c, org.springframework.security.web.access.ExceptionTranslationFilter@15b09c9, org.springframework.security.web.access.intercept.AuthorizationFilter@6c9bf608]
2026-01-29T14:10:09.092+05:30  INFO 58195 --- [pet-clinic-backend] [  restartedMain] o.s.b.d.a.OptionalLiveReloadServer       : LiveReload server is running on port 35729
2026-01-29T14:10:09.102+05:30  INFO 58195 --- [pet-clinic-backend] [  restartedMain] o.s.b.w.embedded.tomcat.TomcatWebServer  : Tomcat started on port 8081 (http) with context path '/api'
2026-01-29T14:10:09.107+05:30  INFO 58195 --- [pet-clinic-backend] [  restartedMain] c.p.backend.PetClinicBackendApplication  : Started PetClinicBackendApplication in 1.264 seconds (process running for 4379.395)
2026-01-29T14:10:09.108+05:30  INFO 58195 --- [pet-clinic-backend] [  restartedMain] .ConditionEvaluationDeltaLoggingListener : Condition evaluation unchanged
2026-01-29T14:22:40.587+05:30  INFO 58195 --- [pet-clinic-backend] [   File Watcher] rtingClassPathChangeChangedEventListener : Restarting due to 18 class path changes (0 additions, 0 deletions, 18 modifications)
2026-01-29T14:22:40.611+05:30  INFO 58195 --- [pet-clinic-backend] [      Thread-52] j.LocalContainerEntityManagerFactoryBean : Closing JPA EntityManagerFactory for persistence unit 'default'
2026-01-29T14:22:40.615+05:30  INFO 58195 --- [pet-clinic-backend] [      Thread-52] com.zaxxer.hikari.HikariDataSource       : HikariPool-11 - Shutdown initiated...
2026-01-29T14:22:40.617+05:30  INFO 58195 --- [pet-clinic-backend] [      Thread-52] com.zaxxer.hikari.HikariDataSource       : HikariPool-11 - Shutdown completed.

  .   ____          _            __ _ _
 /\\ / ___'_ __ _ _(_)_ __  __ _ \ \ \ \
( ( )\___ | '_ | '_| | '_ \/ _` | \ \ \ \
 \\/  ___)| |_)| | | | | || (_| |  ) ) ) )
  '  |____| .__|_| |_|_| |_\__, | / / / /
 =========|_|==============|___/=/_/_/_/
 :: Spring Boot ::                (v3.2.1)

2026-01-29T14:22:40.699+05:30  INFO 58195 --- [pet-clinic-backend] [  restartedMain] c.p.backend.PetClinicBackendApplication  : Starting PetClinicBackendApplication using Java 21.0.1 with PID 58195 (/Users/Vivek/Desktop/Cloud & Devops/pet-clinic-cicd-pipeline/pet-clinic-app/pet-clinic-backend/target/classes started by Vivek in /Users/Vivek/Desktop/Cloud & Devops/pet-clinic-cicd-pipeline/pet-clinic-app/pet-clinic-backend)
2026-01-29T14:22:40.699+05:30 DEBUG 58195 --- [pet-clinic-backend] [  restartedMain] c.p.backend.PetClinicBackendApplication  : Running with Spring Boot v3.2.1, Spring v6.1.2
2026-01-29T14:22:40.699+05:30  INFO 58195 --- [pet-clinic-backend] [  restartedMain] c.p.backend.PetClinicBackendApplication  : The following 1 profile is active: "dev"
2026-01-29T14:22:40.818+05:30  INFO 58195 --- [pet-clinic-backend] [  restartedMain] .s.d.r.c.RepositoryConfigurationDelegate : Bootstrapping Spring Data JPA repositories in DEFAULT mode.
2026-01-29T14:22:40.824+05:30  INFO 58195 --- [pet-clinic-backend] [  restartedMain] .s.d.r.c.RepositoryConfigurationDelegate : Finished Spring Data repository scanning in 5 ms. Found 4 JPA repository interfaces.
2026-01-29T14:22:40.935+05:30  INFO 58195 --- [pet-clinic-backend] [  restartedMain] o.s.b.w.embedded.tomcat.TomcatWebServer  : Tomcat initialized with port 8081 (http)
2026-01-29T14:22:40.936+05:30  INFO 58195 --- [pet-clinic-backend] [  restartedMain] o.apache.catalina.core.StandardService   : Starting service [Tomcat]
2026-01-29T14:22:40.936+05:30  INFO 58195 --- [pet-clinic-backend] [  restartedMain] o.apache.catalina.core.StandardEngine    : Starting Servlet engine: [Apache Tomcat/10.1.17]
2026-01-29T14:22:40.959+05:30  INFO 58195 --- [pet-clinic-backend] [  restartedMain] o.a.c.c.C.[Tomcat-1].[localhost].[/api]  : Initializing Spring embedded WebApplicationContext
2026-01-29T14:22:40.959+05:30  INFO 58195 --- [pet-clinic-backend] [  restartedMain] w.s.c.ServletWebServerApplicationContext : Root WebApplicationContext: initialization completed in 260 ms
2026-01-29T14:22:41.023+05:30  INFO 58195 --- [pet-clinic-backend] [  restartedMain] com.zaxxer.hikari.HikariDataSource       : HikariPool-12 - Starting...
2026-01-29T14:22:41.054+05:30  INFO 58195 --- [pet-clinic-backend] [  restartedMain] com.zaxxer.hikari.pool.HikariPool        : HikariPool-12 - Added connection com.mysql.cj.jdbc.ConnectionImpl@28345ac6
2026-01-29T14:22:41.054+05:30  INFO 58195 --- [pet-clinic-backend] [  restartedMain] com.zaxxer.hikari.HikariDataSource       : HikariPool-12 - Start completed.
2026-01-29T14:22:41.071+05:30  INFO 58195 --- [pet-clinic-backend] [  restartedMain] o.hibernate.jpa.internal.util.LogHelper  : HHH000204: Processing PersistenceUnitInfo [name: default]
2026-01-29T14:22:41.072+05:30  INFO 58195 --- [pet-clinic-backend] [  restartedMain] o.h.c.internal.RegionFactoryInitiator    : HHH000026: Second-level cache disabled
2026-01-29T14:22:41.073+05:30  INFO 58195 --- [pet-clinic-backend] [  restartedMain] o.s.o.j.p.SpringPersistenceUnitInfo      : No LoadTimeWeaver setup: ignoring JPA class transformer
2026-01-29T14:22:41.073+05:30  WARN 58195 --- [pet-clinic-backend] [  restartedMain] org.hibernate.orm.deprecation            : HHH90000025: MySQL8Dialect does not need to be specified explicitly using 'hibernate.dialect' (remove the property setting and it will be selected by default)
2026-01-29T14:22:41.073+05:30  WARN 58195 --- [pet-clinic-backend] [  restartedMain] org.hibernate.orm.deprecation            : HHH90000026: MySQL8Dialect has been deprecated; use org.hibernate.dialect.MySQLDialect instead
2026-01-29T14:22:41.107+05:30  INFO 58195 --- [pet-clinic-backend] [  restartedMain] o.h.e.t.j.p.i.JtaPlatformInitiator       : HHH000489: No JTA platform available (set 'hibernate.transaction.jta.platform' to enable JTA platform integration)
2026-01-29T14:22:41.164+05:30  INFO 58195 --- [pet-clinic-backend] [  restartedMain] j.LocalContainerEntityManagerFactoryBean : Initialized JPA EntityManagerFactory for persistence unit 'default'
2026-01-29T14:22:41.417+05:30  WARN 58195 --- [pet-clinic-backend] [  restartedMain] JpaBaseConfiguration$JpaWebConfiguration : spring.jpa.open-in-view is enabled by default. Therefore, database queries may be performed during view rendering. Explicitly configure spring.jpa.open-in-view to disable this warning
2026-01-29T14:22:41.430+05:30  WARN 58195 --- [pet-clinic-backend] [  restartedMain] .s.s.UserDetailsServiceAutoConfiguration : 

Using generated security password: c53adc80-b35e-4367-9fc5-d6c000c314e4

This generated password is for development use only. Your security configuration must be updated before running your application in production.

2026-01-29T14:22:41.540+05:30  INFO 58195 --- [pet-clinic-backend] [  restartedMain] o.s.b.a.e.web.EndpointLinksResolver      : Exposing 3 endpoint(s) beneath base path '/actuator'
2026-01-29T14:22:41.561+05:30  INFO 58195 --- [pet-clinic-backend] [  restartedMain] o.s.s.web.DefaultSecurityFilterChain     : Will secure any request with [org.springframework.security.web.session.DisableEncodeUrlFilter@219afc4b, org.springframework.security.web.context.request.async.WebAsyncManagerIntegrationFilter@fcbae46, org.springframework.security.web.context.SecurityContextHolderFilter@7e045ae1, org.springframework.security.web.header.HeaderWriterFilter@68dadd20, org.springframework.web.filter.CorsFilter@62e38cc2, org.springframework.security.web.authentication.logout.LogoutFilter@47739b6b, org.springframework.security.web.savedrequest.RequestCacheAwareFilter@6d91833e, org.springframework.security.web.servletapi.SecurityContextHolderAwareRequestFilter@37003b7a, org.springframework.security.web.authentication.AnonymousAuthenticationFilter@f0ab7ed, org.springframework.security.web.session.SessionManagementFilter@4e6cc244, org.springframework.security.web.access.ExceptionTranslationFilter@22459be1, org.springframework.security.web.access.intercept.AuthorizationFilter@65833a1f]
2026-01-29T14:22:41.694+05:30  INFO 58195 --- [pet-clinic-backend] [  restartedMain] o.s.b.d.a.OptionalLiveReloadServer       : LiveReload server is running on port 35729
2026-01-29T14:22:41.702+05:30  INFO 58195 --- [pet-clinic-backend] [  restartedMain] o.s.b.w.embedded.tomcat.TomcatWebServer  : Tomcat started on port 8081 (http) with context path '/api'
2026-01-29T14:22:41.706+05:30  INFO 58195 --- [pet-clinic-backend] [  restartedMain] c.p.backend.PetClinicBackendApplication  : Started PetClinicBackendApplication in 1.018 seconds (process running for 5131.989)
2026-01-29T14:22:41.707+05:30  INFO 58195 --- [pet-clinic-backend] [  restartedMain] .ConditionEvaluationDeltaLoggingListener : Condition evaluation unchanged
2026-01-29T14:23:10.766+05:30  INFO 58195 --- [pet-clinic-backend] [   File Watcher] rtingClassPathChangeChangedEventListener : Restarting due to 14 class path changes (0 additions, 14 deletions, 0 modifications)
2026-01-29T14:23:10.784+05:30  INFO 58195 --- [pet-clinic-backend] [      Thread-56] j.LocalContainerEntityManagerFactoryBean : Closing JPA EntityManagerFactory for persistence unit 'default'
2026-01-29T14:23:10.788+05:30  INFO 58195 --- [pet-clinic-backend] [      Thread-56] com.zaxxer.hikari.HikariDataSource       : HikariPool-12 - Shutdown initiated...
2026-01-29T14:23:10.790+05:30  INFO 58195 --- [pet-clinic-backend] [      Thread-56] com.zaxxer.hikari.HikariDataSource       : HikariPool-12 - Shutdown completed.

  .   ____          _            __ _ _
 /\\ / ___'_ __ _ _(_)_ __  __ _ \ \ \ \
( ( )\___ | '_ | '_| | '_ \/ _` | \ \ \ \
 \\/  ___)| |_)| | | | | || (_| |  ) ) ) )
  '  |____| .__|_| |_|_| |_\__, | / / / /
 =========|_|==============|___/=/_/_/_/
 :: Spring Boot ::                (v3.2.1)

2026-01-29T14:23:10.910+05:30  INFO 58195 --- [pet-clinic-backend] [  restartedMain] c.p.backend.PetClinicBackendApplication  : Starting PetClinicBackendApplication using Java 21.0.1 with PID 58195 (/Users/Vivek/Desktop/Cloud & Devops/pet-clinic-cicd-pipeline/pet-clinic-app/pet-clinic-backend/target/classes started by Vivek in /Users/Vivek/Desktop/Cloud & Devops/pet-clinic-cicd-pipeline/pet-clinic-app/pet-clinic-backend)
2026-01-29T14:23:10.910+05:30 DEBUG 58195 --- [pet-clinic-backend] [  restartedMain] c.p.backend.PetClinicBackendApplication  : Running with Spring Boot v3.2.1, Spring v6.1.2
2026-01-29T14:23:10.910+05:30  INFO 58195 --- [pet-clinic-backend] [  restartedMain] c.p.backend.PetClinicBackendApplication  : The following 1 profile is active: "dev"
2026-01-29T14:23:11.037+05:30  INFO 58195 --- [pet-clinic-backend] [  restartedMain] .s.d.r.c.RepositoryConfigurationDelegate : Bootstrapping Spring Data JPA repositories in DEFAULT mode.
2026-01-29T14:23:11.037+05:30  INFO 58195 --- [pet-clinic-backend] [  restartedMain] .s.d.r.c.RepositoryConfigurationDelegate : Finished Spring Data repository scanning in 0 ms. Found 0 JPA repository interfaces.
2026-01-29T14:23:11.056+05:30  WARN 58195 --- [pet-clinic-backend] [  restartedMain] ConfigServletWebServerApplicationContext : Exception encountered during context initialization - cancelling refresh attempt: java.lang.NullPointerException: Cannot read field "generatedClass" because "data" is null
2026-01-29T14:23:11.061+05:30  INFO 58195 --- [pet-clinic-backend] [  restartedMain] .s.b.a.l.ConditionEvaluationReportLogger : 

Error starting ApplicationContext. To display the condition evaluation report re-run your application with 'debug' enabled.
2026-01-29T14:23:11.062+05:30 ERROR 58195 --- [pet-clinic-backend] [  restartedMain] o.s.boot.SpringApplication               : Application run failed

java.lang.NullPointerException: Cannot read field "generatedClass" because "data" is null
	at org.springframework.cglib.proxy.Enhancer.nextInstance(Enhancer.java:783) ~[spring-core-6.1.2.jar:6.1.2]
	at org.springframework.cglib.core.AbstractClassGenerator.create(AbstractClassGenerator.java:321) ~[spring-core-6.1.2.jar:6.1.2]
	at org.springframework.cglib.proxy.Enhancer.createHelper(Enhancer.java:562) ~[spring-core-6.1.2.jar:6.1.2]
	at org.springframework.cglib.proxy.Enhancer.createClass(Enhancer.java:407) ~[spring-core-6.1.2.jar:6.1.2]
	at org.springframework.context.annotation.ConfigurationClassEnhancer.createClass(ConfigurationClassEnhancer.java:138) ~[spring-context-6.1.2.jar:6.1.2]
	at org.springframework.context.annotation.ConfigurationClassEnhancer.enhance(ConfigurationClassEnhancer.java:109) ~[spring-context-6.1.2.jar:6.1.2]
	at org.springframework.context.annotation.ConfigurationClassPostProcessor.enhanceConfigurationClasses(ConfigurationClassPostProcessor.java:533) ~[spring-context-6.1.2.jar:6.1.2]
	at org.springframework.context.annotation.ConfigurationClassPostProcessor.postProcessBeanFactory(ConfigurationClassPostProcessor.java:310) ~[spring-context-6.1.2.jar:6.1.2]
	at org.springframework.context.support.PostProcessorRegistrationDelegate.invokeBeanFactoryPostProcessors(PostProcessorRegistrationDelegate.java:363) ~[spring-context-6.1.2.jar:6.1.2]
	at org.springframework.context.support.PostProcessorRegistrationDelegate.invokeBeanFactoryPostProcessors(PostProcessorRegistrationDelegate.java:153) ~[spring-context-6.1.2.jar:6.1.2]
	at org.springframework.context.support.AbstractApplicationContext.invokeBeanFactoryPostProcessors(AbstractApplicationContext.java:789) ~[spring-context-6.1.2.jar:6.1.2]
	at org.springframework.context.support.AbstractApplicationContext.refresh(AbstractApplicationContext.java:606) ~[spring-context-6.1.2.jar:6.1.2]
	at org.springframework.boot.web.servlet.context.ServletWebServerApplicationContext.refresh(ServletWebServerApplicationContext.java:146) ~[spring-boot-3.2.1.jar:3.2.1]
	at org.springframework.boot.SpringApplication.refresh(SpringApplication.java:762) ~[spring-boot-3.2.1.jar:3.2.1]
	at org.springframework.boot.SpringApplication.refreshContext(SpringApplication.java:464) ~[spring-boot-3.2.1.jar:3.2.1]
	at org.springframework.boot.SpringApplication.run(SpringApplication.java:334) ~[spring-boot-3.2.1.jar:3.2.1]
	at org.springframework.boot.SpringApplication.run(SpringApplication.java:1358) ~[spring-boot-3.2.1.jar:3.2.1]
	at org.springframework.boot.SpringApplication.run(SpringApplication.java:1347) ~[spring-boot-3.2.1.jar:3.2.1]
	at com.petclinic.backend.PetClinicBackendApplication.main(PetClinicBackendApplication.java:14) ~[classes/:na]
	at java.base/jdk.internal.reflect.DirectMethodHandleAccessor.invoke(DirectMethodHandleAccessor.java:103) ~[na:na]
	at java.base/java.lang.reflect.Method.invoke(Method.java:580) ~[na:na]
	at org.springframework.boot.devtools.restart.RestartLauncher.run(RestartLauncher.java:50) ~[spring-boot-devtools-3.2.1.jar:3.2.1]


  .   ____          _            __ _ _
 /\\ / ___'_ __ _ _(_)_ __  __ _ \ \ \ \
( ( )\___ | '_ | '_| | '_ \/ _` | \ \ \ \
 \\/  ___)| |_)| | | | | || (_| |  ) ) ) )
  '  |____| .__|_| |_|_| |_\__, | / / / /
 =========|_|==============|___/=/_/_/_/
 :: Spring Boot ::                (v3.2.1)

2026-01-29T14:23:13.511+05:30  INFO 58195 --- [pet-clinic-backend] [  restartedMain] c.p.backend.PetClinicBackendApplication  : Starting PetClinicBackendApplication using Java 21.0.1 with PID 58195 (/Users/Vivek/Desktop/Cloud & Devops/pet-clinic-cicd-pipeline/pet-clinic-app/pet-clinic-backend/target/classes started by Vivek in /Users/Vivek/Desktop/Cloud & Devops/pet-clinic-cicd-pipeline/pet-clinic-app/pet-clinic-backend)
2026-01-29T14:23:13.511+05:30 DEBUG 58195 --- [pet-clinic-backend] [  restartedMain] c.p.backend.PetClinicBackendApplication  : Running with Spring Boot v3.2.1, Spring v6.1.2
2026-01-29T14:23:13.511+05:30  INFO 58195 --- [pet-clinic-backend] [  restartedMain] c.p.backend.PetClinicBackendApplication  : The following 1 profile is active: "dev"
2026-01-29T14:23:13.624+05:30  INFO 58195 --- [pet-clinic-backend] [  restartedMain] .s.d.r.c.RepositoryConfigurationDelegate : Bootstrapping Spring Data JPA repositories in DEFAULT mode.
2026-01-29T14:23:13.630+05:30  INFO 58195 --- [pet-clinic-backend] [  restartedMain] .s.d.r.c.RepositoryConfigurationDelegate : Finished Spring Data repository scanning in 5 ms. Found 4 JPA repository interfaces.
2026-01-29T14:23:13.747+05:30  INFO 58195 --- [pet-clinic-backend] [  restartedMain] o.s.b.w.embedded.tomcat.TomcatWebServer  : Tomcat initialized with port 8081 (http)
2026-01-29T14:23:13.747+05:30  INFO 58195 --- [pet-clinic-backend] [  restartedMain] o.apache.catalina.core.StandardService   : Starting service [Tomcat]
2026-01-29T14:23:13.747+05:30  INFO 58195 --- [pet-clinic-backend] [  restartedMain] o.apache.catalina.core.StandardEngine    : Starting Servlet engine: [Apache Tomcat/10.1.17]
2026-01-29T14:23:13.774+05:30  INFO 58195 --- [pet-clinic-backend] [  restartedMain] o.a.c.c.C.[Tomcat-1].[localhost].[/api]  : Initializing Spring embedded WebApplicationContext
2026-01-29T14:23:13.774+05:30  INFO 58195 --- [pet-clinic-backend] [  restartedMain] w.s.c.ServletWebServerApplicationContext : Root WebApplicationContext: initialization completed in 263 ms
2026-01-29T14:23:13.868+05:30  INFO 58195 --- [pet-clinic-backend] [  restartedMain] com.zaxxer.hikari.HikariDataSource       : HikariPool-13 - Starting...
2026-01-29T14:23:13.875+05:30  INFO 58195 --- [pet-clinic-backend] [  restartedMain] com.zaxxer.hikari.pool.HikariPool        : HikariPool-13 - Added connection com.mysql.cj.jdbc.ConnectionImpl@1a9e9768
2026-01-29T14:23:13.875+05:30  INFO 58195 --- [pet-clinic-backend] [  restartedMain] com.zaxxer.hikari.HikariDataSource       : HikariPool-13 - Start completed.
2026-01-29T14:23:13.890+05:30  INFO 58195 --- [pet-clinic-backend] [  restartedMain] o.hibernate.jpa.internal.util.LogHelper  : HHH000204: Processing PersistenceUnitInfo [name: default]
2026-01-29T14:23:13.891+05:30  INFO 58195 --- [pet-clinic-backend] [  restartedMain] o.h.c.internal.RegionFactoryInitiator    : HHH000026: Second-level cache disabled
2026-01-29T14:23:13.892+05:30  INFO 58195 --- [pet-clinic-backend] [  restartedMain] o.s.o.j.p.SpringPersistenceUnitInfo      : No LoadTimeWeaver setup: ignoring JPA class transformer
2026-01-29T14:23:13.893+05:30  WARN 58195 --- [pet-clinic-backend] [  restartedMain] org.hibernate.orm.deprecation            : HHH90000025: MySQL8Dialect does not need to be specified explicitly using 'hibernate.dialect' (remove the property setting and it will be selected by default)
2026-01-29T14:23:13.893+05:30  WARN 58195 --- [pet-clinic-backend] [  restartedMain] org.hibernate.orm.deprecation            : HHH90000026: MySQL8Dialect has been deprecated; use org.hibernate.dialect.MySQLDialect instead
2026-01-29T14:23:13.927+05:30  INFO 58195 --- [pet-clinic-backend] [  restartedMain] o.h.e.t.j.p.i.JtaPlatformInitiator       : HHH000489: No JTA platform available (set 'hibernate.transaction.jta.platform' to enable JTA platform integration)
2026-01-29T14:23:14.049+05:30  INFO 58195 --- [pet-clinic-backend] [  restartedMain] j.LocalContainerEntityManagerFactoryBean : Initialized JPA EntityManagerFactory for persistence unit 'default'
2026-01-29T14:23:14.400+05:30  WARN 58195 --- [pet-clinic-backend] [  restartedMain] JpaBaseConfiguration$JpaWebConfiguration : spring.jpa.open-in-view is enabled by default. Therefore, database queries may be performed during view rendering. Explicitly configure spring.jpa.open-in-view to disable this warning
2026-01-29T14:23:14.419+05:30  WARN 58195 --- [pet-clinic-backend] [  restartedMain] .s.s.UserDetailsServiceAutoConfiguration : 

Using generated security password: f57bf7b3-71a9-4a71-830d-76a19c4f2ae1

This generated password is for development use only. Your security configuration must be updated before running your application in production.

2026-01-29T14:23:14.562+05:30  INFO 58195 --- [pet-clinic-backend] [  restartedMain] o.s.b.a.e.web.EndpointLinksResolver      : Exposing 3 endpoint(s) beneath base path '/actuator'
2026-01-29T14:23:14.589+05:30  INFO 58195 --- [pet-clinic-backend] [  restartedMain] o.s.s.web.DefaultSecurityFilterChain     : Will secure any request with [org.springframework.security.web.session.DisableEncodeUrlFilter@57f6e183, org.springframework.security.web.context.request.async.WebAsyncManagerIntegrationFilter@16a63946, org.springframework.security.web.context.SecurityContextHolderFilter@6997fa33, org.springframework.security.web.header.HeaderWriterFilter@2755ceef, org.springframework.web.filter.CorsFilter@f09fcba, org.springframework.security.web.authentication.logout.LogoutFilter@445a5e5f, org.springframework.security.web.savedrequest.RequestCacheAwareFilter@7da8edf6, org.springframework.security.web.servletapi.SecurityContextHolderAwareRequestFilter@1ee8eee, org.springframework.security.web.authentication.AnonymousAuthenticationFilter@30f8a085, org.springframework.security.web.session.SessionManagementFilter@3de986a2, org.springframework.security.web.access.ExceptionTranslationFilter@6c51eab1, org.springframework.security.web.access.intercept.AuthorizationFilter@7927217a]
2026-01-29T14:23:14.785+05:30  INFO 58195 --- [pet-clinic-backend] [  restartedMain] o.s.b.d.a.OptionalLiveReloadServer       : LiveReload server is running on port 35729
2026-01-29T14:23:14.799+05:30  INFO 58195 --- [pet-clinic-backend] [  restartedMain] o.s.b.w.embedded.tomcat.TomcatWebServer  : Tomcat started on port 8081 (http) with context path '/api'
2026-01-29T14:23:14.804+05:30  INFO 58195 --- [pet-clinic-backend] [  restartedMain] c.p.backend.PetClinicBackendApplication  : Started PetClinicBackendApplication in 1.311 seconds (process running for 5165.086)
2026-01-29T14:23:14.805+05:30  INFO 58195 --- [pet-clinic-backend] [  restartedMain] .ConditionEvaluationDeltaLoggingListener : Condition evaluation unchanged
2026-01-29T14:23:47.297+05:30  INFO 58195 --- [pet-clinic-backend] [nio-8081-exec-1] o.a.c.c.C.[Tomcat-1].[localhost].[/api]  : Initializing Spring DispatcherServlet 'dispatcherServlet'
2026-01-29T14:23:47.298+05:30  INFO 58195 --- [pet-clinic-backend] [nio-8081-exec-1] o.s.web.servlet.DispatcherServlet        : Initializing Servlet 'dispatcherServlet'
2026-01-29T14:23:47.308+05:30  INFO 58195 --- [pet-clinic-backend] [nio-8081-exec-1] o.s.web.servlet.DispatcherServlet        : Completed initialization in 10 ms
2026-01-29T14:23:47.314+05:30 DEBUG 58195 --- [pet-clinic-backend] [nio-8081-exec-1] o.s.security.web.FilterChainProxy        : Securing GET /owners?page=0&size=100
2026-01-29T14:23:47.320+05:30 DEBUG 58195 --- [pet-clinic-backend] [nio-8081-exec-1] o.s.s.w.a.AnonymousAuthenticationFilter  : Set SecurityContextHolder to anonymous SecurityContext
2026-01-29T14:23:47.321+05:30 DEBUG 58195 --- [pet-clinic-backend] [nio-8081-exec-1] o.s.security.web.FilterChainProxy        : Secured GET /owners?page=0&size=100
Hibernate: 
    select
        o1_0.id,
        o1_0.address,
        o1_0.city,
        o1_0.created_at,
        o1_0.email,
        o1_0.first_name,
        o1_0.last_name,
        o1_0.telephone,
        o1_0.updated_at 
    from
        owners o1_0 
    limit
        ?, ?
Hibernate: 
    select
        p1_0.owner_id,
        p1_0.id,
        p1_0.birth_date,
        p1_0.breed,
        p1_0.created_at,
        p1_0.medical_history,
        p1_0.name,
        p1_0.species,
        p1_0.updated_at 
    from
        pets p1_0 
    where
        p1_0.owner_id=?
Hibernate: 
    select
        v1_0.pet_id,
        v1_0.id,
        v1_0.cost,
        v1_0.created_at,
        v1_0.description,
        v1_0.diagnosis,
        v1_0.treatment,
        v1_0.updated_at,
        v1_0.veterinarian_id,
        v1_0.visit_date 
    from
        visits v1_0 
    where
        v1_0.pet_id=?
Hibernate: 
    select
        v1_0.pet_id,
        v1_0.id,
        v1_0.cost,
        v1_0.created_at,
        v1_0.description,
        v1_0.diagnosis,
        v1_0.treatment,
        v1_0.updated_at,
        v1_0.veterinarian_id,
        v1_0.visit_date 
    from
        visits v1_0 
    where
        v1_0.pet_id=?
Hibernate: 
    select
        v1_0.pet_id,
        v1_0.id,
        v1_0.cost,
        v1_0.created_at,
        v1_0.description,
        v1_0.diagnosis,
        v1_0.treatment,
        v1_0.updated_at,
        v1_0.veterinarian_id,
        v1_0.visit_date 
    from
        visits v1_0 
    where
        v1_0.pet_id=?
Hibernate: 
    select
        p1_0.owner_id,
        p1_0.id,
        p1_0.birth_date,
        p1_0.breed,
        p1_0.created_at,
        p1_0.medical_history,
        p1_0.name,
        p1_0.species,
        p1_0.updated_at 
    from
        pets p1_0 
    where
        p1_0.owner_id=?
Hibernate: 
    select
        v1_0.pet_id,
        v1_0.id,
        v1_0.cost,
        v1_0.created_at,
        v1_0.description,
        v1_0.diagnosis,
        v1_0.treatment,
        v1_0.updated_at,
        v1_0.veterinarian_id,
        v1_0.visit_date 
    from
        visits v1_0 
    where
        v1_0.pet_id=?
Hibernate: 
    select
        v1_0.pet_id,
        v1_0.id,
        v1_0.cost,
        v1_0.created_at,
        v1_0.description,
        v1_0.diagnosis,
        v1_0.treatment,
        v1_0.updated_at,
        v1_0.veterinarian_id,
        v1_0.visit_date 
    from
        visits v1_0 
    where
        v1_0.pet_id=?
Hibernate: 
    select
        v1_0.pet_id,
        v1_0.id,
        v1_0.cost,
        v1_0.created_at,
        v1_0.description,
        v1_0.diagnosis,
        v1_0.treatment,
        v1_0.updated_at,
        v1_0.veterinarian_id,
        v1_0.visit_date 
    from
        visits v1_0 
    where
        v1_0.pet_id=?
Hibernate: 
    select
        p1_0.owner_id,
        p1_0.id,
        p1_0.birth_date,
        p1_0.breed,
        p1_0.created_at,
        p1_0.medical_history,
        p1_0.name,
        p1_0.species,
        p1_0.updated_at 
    from
        pets p1_0 
    where
        p1_0.owner_id=?
Hibernate: 
    select
        v1_0.pet_id,
        v1_0.id,
        v1_0.cost,
        v1_0.created_at,
        v1_0.description,
        v1_0.diagnosis,
        v1_0.treatment,
        v1_0.updated_at,
        v1_0.veterinarian_id,
        v1_0.visit_date 
    from
        visits v1_0 
    where
        v1_0.pet_id=?
Hibernate: 
    select
        v1_0.pet_id,
        v1_0.id,
        v1_0.cost,
        v1_0.created_at,
        v1_0.description,
        v1_0.diagnosis,
        v1_0.treatment,
        v1_0.updated_at,
        v1_0.veterinarian_id,
        v1_0.visit_date 
    from
        visits v1_0 
    where
        v1_0.pet_id=?
Hibernate: 
    select
        v1_0.pet_id,
        v1_0.id,
        v1_0.cost,
        v1_0.created_at,
        v1_0.description,
        v1_0.diagnosis,
        v1_0.treatment,
        v1_0.updated_at,
        v1_0.veterinarian_id,
        v1_0.visit_date 
    from
        visits v1_0 
    where
        v1_0.pet_id=?
Hibernate: 
    select
        p1_0.owner_id,
        p1_0.id,
        p1_0.birth_date,
        p1_0.breed,
        p1_0.created_at,
        p1_0.medical_history,
        p1_0.name,
        p1_0.species,
        p1_0.updated_at 
    from
        pets p1_0 
    where
        p1_0.owner_id=?
Hibernate: 
    select
        v1_0.pet_id,
        v1_0.id,
        v1_0.cost,
        v1_0.created_at,
        v1_0.description,
        v1_0.diagnosis,
        v1_0.treatment,
        v1_0.updated_at,
        v1_0.veterinarian_id,
        v1_0.visit_date 
    from
        visits v1_0 
    where
        v1_0.pet_id=?
Hibernate: 
    select
        v1_0.pet_id,
        v1_0.id,
        v1_0.cost,
        v1_0.created_at,
        v1_0.description,
        v1_0.diagnosis,
        v1_0.treatment,
        v1_0.updated_at,
        v1_0.veterinarian_id,
        v1_0.visit_date 
    from
        visits v1_0 
    where
        v1_0.pet_id=?
Hibernate: 
    select
        p1_0.owner_id,
        p1_0.id,
        p1_0.birth_date,
        p1_0.breed,
        p1_0.created_at,
        p1_0.medical_history,
        p1_0.name,
        p1_0.species,
        p1_0.updated_at 
    from
        pets p1_0 
    where
        p1_0.owner_id=?
Hibernate: 
    select
        v1_0.pet_id,
        v1_0.id,
        v1_0.cost,
        v1_0.created_at,
        v1_0.description,
        v1_0.diagnosis,
        v1_0.treatment,
        v1_0.updated_at,
        v1_0.veterinarian_id,
        v1_0.visit_date 
    from
        visits v1_0 
    where
        v1_0.pet_id=?
Hibernate: 
    select
        v1_0.pet_id,
        v1_0.id,
        v1_0.cost,
        v1_0.created_at,
        v1_0.description,
        v1_0.diagnosis,
        v1_0.treatment,
        v1_0.updated_at,
        v1_0.veterinarian_id,
        v1_0.visit_date 
    from
        visits v1_0 
    where
        v1_0.pet_id=?
Hibernate: 
    select
        p1_0.owner_id,
        p1_0.id,
        p1_0.birth_date,
        p1_0.breed,
        p1_0.created_at,
        p1_0.medical_history,
        p1_0.name,
        p1_0.species,
        p1_0.updated_at 
    from
        pets p1_0 
    where
        p1_0.owner_id=?
Hibernate: 
    select
        v1_0.pet_id,
        v1_0.id,
        v1_0.cost,
        v1_0.created_at,
        v1_0.description,
        v1_0.diagnosis,
        v1_0.treatment,
        v1_0.updated_at,
        v1_0.veterinarian_id,
        v1_0.visit_date 
    from
        visits v1_0 
    where
        v1_0.pet_id=?
Hibernate: 
    select
        v1_0.pet_id,
        v1_0.id,
        v1_0.cost,
        v1_0.created_at,
        v1_0.description,
        v1_0.diagnosis,
        v1_0.treatment,
        v1_0.updated_at,
        v1_0.veterinarian_id,
        v1_0.visit_date 
    from
        visits v1_0 
    where
        v1_0.pet_id=?
Hibernate: 
    select
        p1_0.owner_id,
        p1_0.id,
        p1_0.birth_date,
        p1_0.breed,
        p1_0.created_at,
        p1_0.medical_history,
        p1_0.name,
        p1_0.species,
        p1_0.updated_at 
    from
        pets p1_0 
    where
        p1_0.owner_id=?
Hibernate: 
    select
        v1_0.pet_id,
        v1_0.id,
        v1_0.cost,
        v1_0.created_at,
        v1_0.description,
        v1_0.diagnosis,
        v1_0.treatment,
        v1_0.updated_at,
        v1_0.veterinarian_id,
        v1_0.visit_date 
    from
        visits v1_0 
    where
        v1_0.pet_id=?
Hibernate: 
    select
        v1_0.pet_id,
        v1_0.id,
        v1_0.cost,
        v1_0.created_at,
        v1_0.description,
        v1_0.diagnosis,
        v1_0.treatment,
        v1_0.updated_at,
        v1_0.veterinarian_id,
        v1_0.visit_date 
    from
        visits v1_0 
    where
        v1_0.pet_id=?
Hibernate: 
    select
        p1_0.owner_id,
        p1_0.id,
        p1_0.birth_date,
        p1_0.breed,
        p1_0.created_at,
        p1_0.medical_history,
        p1_0.name,
        p1_0.species,
        p1_0.updated_at 
    from
        pets p1_0 
    where
        p1_0.owner_id=?
Hibernate: 
    select
        v1_0.pet_id,
        v1_0.id,
        v1_0.cost,
        v1_0.created_at,
        v1_0.description,
        v1_0.diagnosis,
        v1_0.treatment,
        v1_0.updated_at,
        v1_0.veterinarian_id,
        v1_0.visit_date 
    from
        visits v1_0 
    where
        v1_0.pet_id=?
Hibernate: 
    select
        v1_0.pet_id,
        v1_0.id,
        v1_0.cost,
        v1_0.created_at,
        v1_0.description,
        v1_0.diagnosis,
        v1_0.treatment,
        v1_0.updated_at,
        v1_0.veterinarian_id,
        v1_0.visit_date 
    from
        visits v1_0 
    where
        v1_0.pet_id=?
Hibernate: 
    select
        p1_0.owner_id,
        p1_0.id,
        p1_0.birth_date,
        p1_0.breed,
        p1_0.created_at,
        p1_0.medical_history,
        p1_0.name,
        p1_0.species,
        p1_0.updated_at 
    from
        pets p1_0 
    where
        p1_0.owner_id=?
Hibernate: 
    select
        v1_0.pet_id,
        v1_0.id,
        v1_0.cost,
        v1_0.created_at,
        v1_0.description,
        v1_0.diagnosis,
        v1_0.treatment,
        v1_0.updated_at,
        v1_0.veterinarian_id,
        v1_0.visit_date 
    from
        visits v1_0 
    where
        v1_0.pet_id=?
Hibernate: 
    select
        v1_0.pet_id,
        v1_0.id,
        v1_0.cost,
        v1_0.created_at,
        v1_0.description,
        v1_0.diagnosis,
        v1_0.treatment,
        v1_0.updated_at,
        v1_0.veterinarian_id,
        v1_0.visit_date 
    from
        visits v1_0 
    where
        v1_0.pet_id=?
Hibernate: 
    select
        p1_0.owner_id,
        p1_0.id,
        p1_0.birth_date,
        p1_0.breed,
        p1_0.created_at,
        p1_0.medical_history,
        p1_0.name,
        p1_0.species,
        p1_0.updated_at 
    from
        pets p1_0 
    where
        p1_0.owner_id=?
Hibernate: 
    select
        v1_0.pet_id,
        v1_0.id,
        v1_0.cost,
        v1_0.created_at,
        v1_0.description,
        v1_0.diagnosis,
        v1_0.treatment,
        v1_0.updated_at,
        v1_0.veterinarian_id,
        v1_0.visit_date 
    from
        visits v1_0 
    where
        v1_0.pet_id=?
Hibernate: 
    select
        v1_0.pet_id,
        v1_0.id,
        v1_0.cost,
        v1_0.created_at,
        v1_0.description,
        v1_0.diagnosis,
        v1_0.treatment,
        v1_0.updated_at,
        v1_0.veterinarian_id,
        v1_0.visit_date 
    from
        visits v1_0 
    where
        v1_0.pet_id=?
Hibernate: 
    select
        p1_0.owner_id,
        p1_0.id,
        p1_0.birth_date,
        p1_0.breed,
        p1_0.created_at,
        p1_0.medical_history,
        p1_0.name,
        p1_0.species,
        p1_0.updated_at 
    from
        pets p1_0 
    where
        p1_0.owner_id=?
Hibernate: 
    select
        p1_0.owner_id,
        p1_0.id,
        p1_0.birth_date,
        p1_0.breed,
        p1_0.created_at,
        p1_0.medical_history,
        p1_0.name,
        p1_0.species,
        p1_0.updated_at 
    from
        pets p1_0 
    where
        p1_0.owner_id=?
Hibernate: 
    select
        p1_0.owner_id,
        p1_0.id,
        p1_0.birth_date,
        p1_0.breed,
        p1_0.created_at,
        p1_0.medical_history,
        p1_0.name,
        p1_0.species,
        p1_0.updated_at 
    from
        pets p1_0 
    where
        p1_0.owner_id=?
Hibernate: 
    select
        p1_0.owner_id,
        p1_0.id,
        p1_0.birth_date,
        p1_0.breed,
        p1_0.created_at,
        p1_0.medical_history,
        p1_0.name,
        p1_0.species,
        p1_0.updated_at 
    from
        pets p1_0 
    where
        p1_0.owner_id=?
2026-01-29T14:26:13.380+05:30 DEBUG 58195 --- [pet-clinic-backend] [nio-8081-exec-3] o.s.security.web.FilterChainProxy        : Securing GET /veterinarians?page=0&size=10
2026-01-29T14:26:13.383+05:30 DEBUG 58195 --- [pet-clinic-backend] [nio-8081-exec-3] o.s.s.w.a.AnonymousAuthenticationFilter  : Set SecurityContextHolder to anonymous SecurityContext
2026-01-29T14:26:13.385+05:30 DEBUG 58195 --- [pet-clinic-backend] [nio-8081-exec-3] o.s.security.web.FilterChainProxy        : Secured GET /veterinarians?page=0&size=10
Hibernate: 
    select
        v1_0.id,
        v1_0.created_at,
        v1_0.first_name,
        v1_0.last_name,
        v1_0.license_number,
        v1_0.specialties,
        v1_0.updated_at 
    from
        veterinarians v1_0 
    limit
        ?, ?
Hibernate: 
    select
        v1_0.veterinarian_id,
        v1_0.id,
        v1_0.cost,
        v1_0.created_at,
        v1_0.description,
        v1_0.diagnosis,
        v1_0.pet_id,
        v1_0.treatment,
        v1_0.updated_at,
        v1_0.visit_date 
    from
        visits v1_0 
    where
        v1_0.veterinarian_id=?
Hibernate: 
    select
        v1_0.veterinarian_id,
        v1_0.id,
        v1_0.cost,
        v1_0.created_at,
        v1_0.description,
        v1_0.diagnosis,
        v1_0.pet_id,
        v1_0.treatment,
        v1_0.updated_at,
        v1_0.visit_date 
    from
        visits v1_0 
    where
        v1_0.veterinarian_id=?
Hibernate: 
    select
        v1_0.veterinarian_id,
        v1_0.id,
        v1_0.cost,
        v1_0.created_at,
        v1_0.description,
        v1_0.diagnosis,
        v1_0.pet_id,
        v1_0.treatment,
        v1_0.updated_at,
        v1_0.visit_date 
    from
        visits v1_0 
    where
        v1_0.veterinarian_id=?
Hibernate: 
    select
        v1_0.veterinarian_id,
        v1_0.id,
        v1_0.cost,
        v1_0.created_at,
        v1_0.description,
        v1_0.diagnosis,
        v1_0.pet_id,
        v1_0.treatment,
        v1_0.updated_at,
        v1_0.visit_date 
    from
        visits v1_0 
    where
        v1_0.veterinarian_id=?
Hibernate: 
    select
        v1_0.veterinarian_id,
        v1_0.id,
        v1_0.cost,
        v1_0.created_at,
        v1_0.description,
        v1_0.diagnosis,
        v1_0.pet_id,
        v1_0.treatment,
        v1_0.updated_at,
        v1_0.visit_date 
    from
        visits v1_0 
    where
        v1_0.veterinarian_id=?
Hibernate: 
    select
        v1_0.veterinarian_id,
        v1_0.id,
        v1_0.cost,
        v1_0.created_at,
        v1_0.description,
        v1_0.diagnosis,
        v1_0.pet_id,
        v1_0.treatment,
        v1_0.updated_at,
        v1_0.visit_date 
    from
        visits v1_0 
    where
        v1_0.veterinarian_id=?
2026-01-29T14:26:16.695+05:30 DEBUG 58195 --- [pet-clinic-backend] [nio-8081-exec-4] o.s.security.web.FilterChainProxy        : Securing GET /visits?page=0&size=10
2026-01-29T14:26:16.696+05:30 DEBUG 58195 --- [pet-clinic-backend] [nio-8081-exec-4] o.s.s.w.a.AnonymousAuthenticationFilter  : Set SecurityContextHolder to anonymous SecurityContext
2026-01-29T14:26:16.697+05:30 DEBUG 58195 --- [pet-clinic-backend] [nio-8081-exec-4] o.s.security.web.FilterChainProxy        : Secured GET /visits?page=0&size=10
Hibernate: 
    select
        v1_0.id,
        v1_0.cost,
        v1_0.created_at,
        v1_0.description,
        v1_0.diagnosis,
        v1_0.pet_id,
        v1_0.treatment,
        v1_0.updated_at,
        v1_0.veterinarian_id,
        v1_0.visit_date 
    from
        visits v1_0 
    limit
        ?, ?
Hibernate: 
    select
        count(v1_0.id) 
    from
        visits v1_0
2026-01-29T14:26:24.251+05:30 DEBUG 58195 --- [pet-clinic-backend] [nio-8081-exec-5] o.s.security.web.FilterChainProxy        : Securing GET /owners?page=0&size=10
2026-01-29T14:26:24.253+05:30 DEBUG 58195 --- [pet-clinic-backend] [nio-8081-exec-5] o.s.s.w.a.AnonymousAuthenticationFilter  : Set SecurityContextHolder to anonymous SecurityContext
2026-01-29T14:26:24.254+05:30 DEBUG 58195 --- [pet-clinic-backend] [nio-8081-exec-5] o.s.security.web.FilterChainProxy        : Secured GET /owners?page=0&size=10
Hibernate: 
    select
        o1_0.id,
        o1_0.address,
        o1_0.city,
        o1_0.created_at,
        o1_0.email,
        o1_0.first_name,
        o1_0.last_name,
        o1_0.telephone,
        o1_0.updated_at 
    from
        owners o1_0 
    limit
        ?, ?
Hibernate: 
    select
        count(o1_0.id) 
    from
        owners o1_0
Hibernate: 
    select
        p1_0.owner_id,
        p1_0.id,
        p1_0.birth_date,
        p1_0.breed,
        p1_0.created_at,
        p1_0.medical_history,
        p1_0.name,
        p1_0.species,
        p1_0.updated_at 
    from
        pets p1_0 
    where
        p1_0.owner_id=?
Hibernate: 
    select
        v1_0.pet_id,
        v1_0.id,
        v1_0.cost,
        v1_0.created_at,
        v1_0.description,
        v1_0.diagnosis,
        v1_0.treatment,
        v1_0.updated_at,
        v1_0.veterinarian_id,
        v1_0.visit_date 
    from
        visits v1_0 
    where
        v1_0.pet_id=?
Hibernate: 
    select
        v1_0.pet_id,
        v1_0.id,
        v1_0.cost,
        v1_0.created_at,
        v1_0.description,
        v1_0.diagnosis,
        v1_0.treatment,
        v1_0.updated_at,
        v1_0.veterinarian_id,
        v1_0.visit_date 
    from
        visits v1_0 
    where
        v1_0.pet_id=?
Hibernate: 
    select
        v1_0.pet_id,
        v1_0.id,
        v1_0.cost,
        v1_0.created_at,
        v1_0.description,
        v1_0.diagnosis,
        v1_0.treatment,
        v1_0.updated_at,
        v1_0.veterinarian_id,
        v1_0.visit_date 
    from
        visits v1_0 
    where
        v1_0.pet_id=?
Hibernate: 
    select
        p1_0.owner_id,
        p1_0.id,
        p1_0.birth_date,
        p1_0.breed,
        p1_0.created_at,
        p1_0.medical_history,
        p1_0.name,
        p1_0.species,
        p1_0.updated_at 
    from
        pets p1_0 
    where
        p1_0.owner_id=?
Hibernate: 
    select
        v1_0.pet_id,
        v1_0.id,
        v1_0.cost,
        v1_0.created_at,
        v1_0.description,
        v1_0.diagnosis,
        v1_0.treatment,
        v1_0.updated_at,
        v1_0.veterinarian_id,
        v1_0.visit_date 
    from
        visits v1_0 
    where
        v1_0.pet_id=?
Hibernate: 
    select
        v1_0.pet_id,
        v1_0.id,
        v1_0.cost,
        v1_0.created_at,
        v1_0.description,
        v1_0.diagnosis,
        v1_0.treatment,
        v1_0.updated_at,
        v1_0.veterinarian_id,
        v1_0.visit_date 
    from
        visits v1_0 
    where
        v1_0.pet_id=?
Hibernate: 
    select
        v1_0.pet_id,
        v1_0.id,
        v1_0.cost,
        v1_0.created_at,
        v1_0.description,
        v1_0.diagnosis,
        v1_0.treatment,
        v1_0.updated_at,
        v1_0.veterinarian_id,
        v1_0.visit_date 
    from
        visits v1_0 
    where
        v1_0.pet_id=?
Hibernate: 
    select
        p1_0.owner_id,
        p1_0.id,
        p1_0.birth_date,
        p1_0.breed,
        p1_0.created_at,
        p1_0.medical_history,
        p1_0.name,
        p1_0.species,
        p1_0.updated_at 
    from
        pets p1_0 
    where
        p1_0.owner_id=?
Hibernate: 
    select
        v1_0.pet_id,
        v1_0.id,
        v1_0.cost,
        v1_0.created_at,
        v1_0.description,
        v1_0.diagnosis,
        v1_0.treatment,
        v1_0.updated_at,
        v1_0.veterinarian_id,
        v1_0.visit_date 
    from
        visits v1_0 
    where
        v1_0.pet_id=?
Hibernate: 
    select
        v1_0.pet_id,
        v1_0.id,
        v1_0.cost,
        v1_0.created_at,
        v1_0.description,
        v1_0.diagnosis,
        v1_0.treatment,
        v1_0.updated_at,
        v1_0.veterinarian_id,
        v1_0.visit_date 
    from
        visits v1_0 
    where
        v1_0.pet_id=?
Hibernate: 
    select
        v1_0.pet_id,
        v1_0.id,
        v1_0.cost,
        v1_0.created_at,
        v1_0.description,
        v1_0.diagnosis,
        v1_0.treatment,
        v1_0.updated_at,
        v1_0.veterinarian_id,
        v1_0.visit_date 
    from
        visits v1_0 
    where
        v1_0.pet_id=?
Hibernate: 
    select
        p1_0.owner_id,
        p1_0.id,
        p1_0.birth_date,
        p1_0.breed,
        p1_0.created_at,
        p1_0.medical_history,
        p1_0.name,
        p1_0.species,
        p1_0.updated_at 
    from
        pets p1_0 
    where
        p1_0.owner_id=?
Hibernate: 
    select
        v1_0.pet_id,
        v1_0.id,
        v1_0.cost,
        v1_0.created_at,
        v1_0.description,
        v1_0.diagnosis,
        v1_0.treatment,
        v1_0.updated_at,
        v1_0.veterinarian_id,
        v1_0.visit_date 
    from
        visits v1_0 
    where
        v1_0.pet_id=?
Hibernate: 
    select
        v1_0.pet_id,
        v1_0.id,
        v1_0.cost,
        v1_0.created_at,
        v1_0.description,
        v1_0.diagnosis,
        v1_0.treatment,
        v1_0.updated_at,
        v1_0.veterinarian_id,
        v1_0.visit_date 
    from
        visits v1_0 
    where
        v1_0.pet_id=?
Hibernate: 
    select
        p1_0.owner_id,
        p1_0.id,
        p1_0.birth_date,
        p1_0.breed,
        p1_0.created_at,
        p1_0.medical_history,
        p1_0.name,
        p1_0.species,
        p1_0.updated_at 
    from
        pets p1_0 
    where
        p1_0.owner_id=?
Hibernate: 
    select
        v1_0.pet_id,
        v1_0.id,
        v1_0.cost,
        v1_0.created_at,
        v1_0.description,
        v1_0.diagnosis,
        v1_0.treatment,
        v1_0.updated_at,
        v1_0.veterinarian_id,
        v1_0.visit_date 
    from
        visits v1_0 
    where
        v1_0.pet_id=?
Hibernate: 
    select
        v1_0.pet_id,
        v1_0.id,
        v1_0.cost,
        v1_0.created_at,
        v1_0.description,
        v1_0.diagnosis,
        v1_0.treatment,
        v1_0.updated_at,
        v1_0.veterinarian_id,
        v1_0.visit_date 
    from
        visits v1_0 
    where
        v1_0.pet_id=?
Hibernate: 
    select
        p1_0.owner_id,
        p1_0.id,
        p1_0.birth_date,
        p1_0.breed,
        p1_0.created_at,
        p1_0.medical_history,
        p1_0.name,
        p1_0.species,
        p1_0.updated_at 
    from
        pets p1_0 
    where
        p1_0.owner_id=?
Hibernate: 
    select
        v1_0.pet_id,
        v1_0.id,
        v1_0.cost,
        v1_0.created_at,
        v1_0.description,
        v1_0.diagnosis,
        v1_0.treatment,
        v1_0.updated_at,
        v1_0.veterinarian_id,
        v1_0.visit_date 
    from
        visits v1_0 
    where
        v1_0.pet_id=?
Hibernate: 
    select
        v1_0.pet_id,
        v1_0.id,
        v1_0.cost,
        v1_0.created_at,
        v1_0.description,
        v1_0.diagnosis,
        v1_0.treatment,
        v1_0.updated_at,
        v1_0.veterinarian_id,
        v1_0.visit_date 
    from
        visits v1_0 
    where
        v1_0.pet_id=?
Hibernate: 
    select
        p1_0.owner_id,
        p1_0.id,
        p1_0.birth_date,
        p1_0.breed,
        p1_0.created_at,
        p1_0.medical_history,
        p1_0.name,
        p1_0.species,
        p1_0.updated_at 
    from
        pets p1_0 
    where
        p1_0.owner_id=?
Hibernate: 
    select
        v1_0.pet_id,
        v1_0.id,
        v1_0.cost,
        v1_0.created_at,
        v1_0.description,
        v1_0.diagnosis,
        v1_0.treatment,
        v1_0.updated_at,
        v1_0.veterinarian_id,
        v1_0.visit_date 
    from
        visits v1_0 
    where
        v1_0.pet_id=?
Hibernate: 
    select
        v1_0.pet_id,
        v1_0.id,
        v1_0.cost,
        v1_0.created_at,
        v1_0.description,
        v1_0.diagnosis,
        v1_0.treatment,
        v1_0.updated_at,
        v1_0.veterinarian_id,
        v1_0.visit_date 
    from
        visits v1_0 
    where
        v1_0.pet_id=?
Hibernate: 
    select
        p1_0.owner_id,
        p1_0.id,
        p1_0.birth_date,
        p1_0.breed,
        p1_0.created_at,
        p1_0.medical_history,
        p1_0.name,
        p1_0.species,
        p1_0.updated_at 
    from
        pets p1_0 
    where
        p1_0.owner_id=?
Hibernate: 
    select
        v1_0.pet_id,
        v1_0.id,
        v1_0.cost,
        v1_0.created_at,
        v1_0.description,
        v1_0.diagnosis,
        v1_0.treatment,
        v1_0.updated_at,
        v1_0.veterinarian_id,
        v1_0.visit_date 
    from
        visits v1_0 
    where
        v1_0.pet_id=?
Hibernate: 
    select
        v1_0.pet_id,
        v1_0.id,
        v1_0.cost,
        v1_0.created_at,
        v1_0.description,
        v1_0.diagnosis,
        v1_0.treatment,
        v1_0.updated_at,
        v1_0.veterinarian_id,
        v1_0.visit_date 
    from
        visits v1_0 
    where
        v1_0.pet_id=?
Hibernate: 
    select
        p1_0.owner_id,
        p1_0.id,
        p1_0.birth_date,
        p1_0.breed,
        p1_0.created_at,
        p1_0.medical_history,
        p1_0.name,
        p1_0.species,
        p1_0.updated_at 
    from
        pets p1_0 
    where
        p1_0.owner_id=?
Hibernate: 
    select
        v1_0.pet_id,
        v1_0.id,
        v1_0.cost,
        v1_0.created_at,
        v1_0.description,
        v1_0.diagnosis,
        v1_0.treatment,
        v1_0.updated_at,
        v1_0.veterinarian_id,
        v1_0.visit_date 
    from
        visits v1_0 
    where
        v1_0.pet_id=?
Hibernate: 
    select
        v1_0.pet_id,
        v1_0.id,
        v1_0.cost,
        v1_0.created_at,
        v1_0.description,
        v1_0.diagnosis,
        v1_0.treatment,
        v1_0.updated_at,
        v1_0.veterinarian_id,
        v1_0.visit_date 
    from
        visits v1_0 
    where
        v1_0.pet_id=?
Hibernate: 
    select
        p1_0.owner_id,
        p1_0.id,
        p1_0.birth_date,
        p1_0.breed,
        p1_0.created_at,
        p1_0.medical_history,
        p1_0.name,
        p1_0.species,
        p1_0.updated_at 
    from
        pets p1_0 
    where
        p1_0.owner_id=?
Hibernate: 
    select
        v1_0.pet_id,
        v1_0.id,
        v1_0.cost,
        v1_0.created_at,
        v1_0.description,
        v1_0.diagnosis,
        v1_0.treatment,
        v1_0.updated_at,
        v1_0.veterinarian_id,
        v1_0.visit_date 
    from
        visits v1_0 
    where
        v1_0.pet_id=?
Hibernate: 
    select
        v1_0.pet_id,
        v1_0.id,
        v1_0.cost,
        v1_0.created_at,
        v1_0.description,
        v1_0.diagnosis,
        v1_0.treatment,
        v1_0.updated_at,
        v1_0.veterinarian_id,
        v1_0.visit_date 
    from
        visits v1_0 
    where
        v1_0.pet_id=?
2026-01-29T14:26:29.841+05:30 DEBUG 58195 --- [pet-clinic-backend] [nio-8081-exec-6] o.s.security.web.FilterChainProxy        : Securing GET /owners?page=1&size=10
2026-01-29T14:26:29.843+05:30 DEBUG 58195 --- [pet-clinic-backend] [nio-8081-exec-6] o.s.s.w.a.AnonymousAuthenticationFilter  : Set SecurityContextHolder to anonymous SecurityContext
2026-01-29T14:26:29.843+05:30 DEBUG 58195 --- [pet-clinic-backend] [nio-8081-exec-6] o.s.security.web.FilterChainProxy        : Secured GET /owners?page=1&size=10
Hibernate: 
    select
        o1_0.id,
        o1_0.address,
        o1_0.city,
        o1_0.created_at,
        o1_0.email,
        o1_0.first_name,
        o1_0.last_name,
        o1_0.telephone,
        o1_0.updated_at 
    from
        owners o1_0 
    limit
        ?, ?
Hibernate: 
    select
        p1_0.owner_id,
        p1_0.id,
        p1_0.birth_date,
        p1_0.breed,
        p1_0.created_at,
        p1_0.medical_history,
        p1_0.name,
        p1_0.species,
        p1_0.updated_at 
    from
        pets p1_0 
    where
        p1_0.owner_id=?
Hibernate: 
    select
        p1_0.owner_id,
        p1_0.id,
        p1_0.birth_date,
        p1_0.breed,
        p1_0.created_at,
        p1_0.medical_history,
        p1_0.name,
        p1_0.species,
        p1_0.updated_at 
    from
        pets p1_0 
    where
        p1_0.owner_id=?
Hibernate: 
    select
        p1_0.owner_id,
        p1_0.id,
        p1_0.birth_date,
        p1_0.breed,
        p1_0.created_at,
        p1_0.medical_history,
        p1_0.name,
        p1_0.species,
        p1_0.updated_at 
    from
        pets p1_0 
    where
        p1_0.owner_id=?
Hibernate: 
    select
        p1_0.owner_id,
        p1_0.id,
        p1_0.birth_date,
        p1_0.breed,
        p1_0.created_at,
        p1_0.medical_history,
        p1_0.name,
        p1_0.species,
        p1_0.updated_at 
    from
        pets p1_0 
    where
        p1_0.owner_id=?
2026-01-29T14:26:31.892+05:30 DEBUG 58195 --- [pet-clinic-backend] [nio-8081-exec-7] o.s.security.web.FilterChainProxy        : Securing GET /owners?page=0&size=10
2026-01-29T14:26:31.893+05:30 DEBUG 58195 --- [pet-clinic-backend] [nio-8081-exec-7] o.s.s.w.a.AnonymousAuthenticationFilter  : Set SecurityContextHolder to anonymous SecurityContext
2026-01-29T14:26:31.893+05:30 DEBUG 58195 --- [pet-clinic-backend] [nio-8081-exec-7] o.s.security.web.FilterChainProxy        : Secured GET /owners?page=0&size=10
Hibernate: 
    select
        o1_0.id,
        o1_0.address,
        o1_0.city,
        o1_0.created_at,
        o1_0.email,
        o1_0.first_name,
        o1_0.last_name,
        o1_0.telephone,
        o1_0.updated_at 
    from
        owners o1_0 
    limit
        ?, ?
Hibernate: 
    select
        count(o1_0.id) 
    from
        owners o1_0
Hibernate: 
    select
        p1_0.owner_id,
        p1_0.id,
        p1_0.birth_date,
        p1_0.breed,
        p1_0.created_at,
        p1_0.medical_history,
        p1_0.name,
        p1_0.species,
        p1_0.updated_at 
    from
        pets p1_0 
    where
        p1_0.owner_id=?
Hibernate: 
    select
        v1_0.pet_id,
        v1_0.id,
        v1_0.cost,
        v1_0.created_at,
        v1_0.description,
        v1_0.diagnosis,
        v1_0.treatment,
        v1_0.updated_at,
        v1_0.veterinarian_id,
        v1_0.visit_date 
    from
        visits v1_0 
    where
        v1_0.pet_id=?
Hibernate: 
    select
        v1_0.pet_id,
        v1_0.id,
        v1_0.cost,
        v1_0.created_at,
        v1_0.description,
        v1_0.diagnosis,
        v1_0.treatment,
        v1_0.updated_at,
        v1_0.veterinarian_id,
        v1_0.visit_date 
    from
        visits v1_0 
    where
        v1_0.pet_id=?
Hibernate: 
    select
        v1_0.pet_id,
        v1_0.id,
        v1_0.cost,
        v1_0.created_at,
        v1_0.description,
        v1_0.diagnosis,
        v1_0.treatment,
        v1_0.updated_at,
        v1_0.veterinarian_id,
        v1_0.visit_date 
    from
        visits v1_0 
    where
        v1_0.pet_id=?
Hibernate: 
    select
        p1_0.owner_id,
        p1_0.id,
        p1_0.birth_date,
        p1_0.breed,
        p1_0.created_at,
        p1_0.medical_history,
        p1_0.name,
        p1_0.species,
        p1_0.updated_at 
    from
        pets p1_0 
    where
        p1_0.owner_id=?
Hibernate: 
    select
        v1_0.pet_id,
        v1_0.id,
        v1_0.cost,
        v1_0.created_at,
        v1_0.description,
        v1_0.diagnosis,
        v1_0.treatment,
        v1_0.updated_at,
        v1_0.veterinarian_id,
        v1_0.visit_date 
    from
        visits v1_0 
    where
        v1_0.pet_id=?
Hibernate: 
    select
        v1_0.pet_id,
        v1_0.id,
        v1_0.cost,
        v1_0.created_at,
        v1_0.description,
        v1_0.diagnosis,
        v1_0.treatment,
        v1_0.updated_at,
        v1_0.veterinarian_id,
        v1_0.visit_date 
    from
        visits v1_0 
    where
        v1_0.pet_id=?
Hibernate: 
    select
        v1_0.pet_id,
        v1_0.id,
        v1_0.cost,
        v1_0.created_at,
        v1_0.description,
        v1_0.diagnosis,
        v1_0.treatment,
        v1_0.updated_at,
        v1_0.veterinarian_id,
        v1_0.visit_date 
    from
        visits v1_0 
    where
        v1_0.pet_id=?
Hibernate: 
    select
        p1_0.owner_id,
        p1_0.id,
        p1_0.birth_date,
        p1_0.breed,
        p1_0.created_at,
        p1_0.medical_history,
        p1_0.name,
        p1_0.species,
        p1_0.updated_at 
    from
        pets p1_0 
    where
        p1_0.owner_id=?
Hibernate: 
    select
        v1_0.pet_id,
        v1_0.id,
        v1_0.cost,
        v1_0.created_at,
        v1_0.description,
        v1_0.diagnosis,
        v1_0.treatment,
        v1_0.updated_at,
        v1_0.veterinarian_id,
        v1_0.visit_date 
    from
        visits v1_0 
    where
        v1_0.pet_id=?
Hibernate: 
    select
        v1_0.pet_id,
        v1_0.id,
        v1_0.cost,
        v1_0.created_at,
        v1_0.description,
        v1_0.diagnosis,
        v1_0.treatment,
        v1_0.updated_at,
        v1_0.veterinarian_id,
        v1_0.visit_date 
    from
        visits v1_0 
    where
        v1_0.pet_id=?
Hibernate: 
    select
        v1_0.pet_id,
        v1_0.id,
        v1_0.cost,
        v1_0.created_at,
        v1_0.description,
        v1_0.diagnosis,
        v1_0.treatment,
        v1_0.updated_at,
        v1_0.veterinarian_id,
        v1_0.visit_date 
    from
        visits v1_0 
    where
        v1_0.pet_id=?
Hibernate: 
    select
        p1_0.owner_id,
        p1_0.id,
        p1_0.birth_date,
        p1_0.breed,
        p1_0.created_at,
        p1_0.medical_history,
        p1_0.name,
        p1_0.species,
        p1_0.updated_at 
    from
        pets p1_0 
    where
        p1_0.owner_id=?
Hibernate: 
    select
        v1_0.pet_id,
        v1_0.id,
        v1_0.cost,
        v1_0.created_at,
        v1_0.description,
        v1_0.diagnosis,
        v1_0.treatment,
        v1_0.updated_at,
        v1_0.veterinarian_id,
        v1_0.visit_date 
    from
        visits v1_0 
    where
        v1_0.pet_id=?
Hibernate: 
    select
        v1_0.pet_id,
        v1_0.id,
        v1_0.cost,
        v1_0.created_at,
        v1_0.description,
        v1_0.diagnosis,
        v1_0.treatment,
        v1_0.updated_at,
        v1_0.veterinarian_id,
        v1_0.visit_date 
    from
        visits v1_0 
    where
        v1_0.pet_id=?
Hibernate: 
    select
        p1_0.owner_id,
        p1_0.id,
        p1_0.birth_date,
        p1_0.breed,
        p1_0.created_at,
        p1_0.medical_history,
        p1_0.name,
        p1_0.species,
        p1_0.updated_at 
    from
        pets p1_0 
    where
        p1_0.owner_id=?
Hibernate: 
    select
        v1_0.pet_id,
        v1_0.id,
        v1_0.cost,
        v1_0.created_at,
        v1_0.description,
        v1_0.diagnosis,
        v1_0.treatment,
        v1_0.updated_at,
        v1_0.veterinarian_id,
        v1_0.visit_date 
    from
        visits v1_0 
    where
        v1_0.pet_id=?
Hibernate: 
    select
        v1_0.pet_id,
        v1_0.id,
        v1_0.cost,
        v1_0.created_at,
        v1_0.description,
        v1_0.diagnosis,
        v1_0.treatment,
        v1_0.updated_at,
        v1_0.veterinarian_id,
        v1_0.visit_date 
    from
        visits v1_0 
    where
        v1_0.pet_id=?
Hibernate: 
    select
        p1_0.owner_id,
        p1_0.id,
        p1_0.birth_date,
        p1_0.breed,
        p1_0.created_at,
        p1_0.medical_history,
        p1_0.name,
        p1_0.species,
        p1_0.updated_at 
    from
        pets p1_0 
    where
        p1_0.owner_id=?
Hibernate: 
    select
        v1_0.pet_id,
        v1_0.id,
        v1_0.cost,
        v1_0.created_at,
        v1_0.description,
        v1_0.diagnosis,
        v1_0.treatment,
        v1_0.updated_at,
        v1_0.veterinarian_id,
        v1_0.visit_date 
    from
        visits v1_0 
    where
        v1_0.pet_id=?
Hibernate: 
    select
        v1_0.pet_id,
        v1_0.id,
        v1_0.cost,
        v1_0.created_at,
        v1_0.description,
        v1_0.diagnosis,
        v1_0.treatment,
        v1_0.updated_at,
        v1_0.veterinarian_id,
        v1_0.visit_date 
    from
        visits v1_0 
    where
        v1_0.pet_id=?
Hibernate: 
    select
        p1_0.owner_id,
        p1_0.id,
        p1_0.birth_date,
        p1_0.breed,
        p1_0.created_at,
        p1_0.medical_history,
        p1_0.name,
        p1_0.species,
        p1_0.updated_at 
    from
        pets p1_0 
    where
        p1_0.owner_id=?
Hibernate: 
    select
        v1_0.pet_id,
        v1_0.id,
        v1_0.cost,
        v1_0.created_at,
        v1_0.description,
        v1_0.diagnosis,
        v1_0.treatment,
        v1_0.updated_at,
        v1_0.veterinarian_id,
        v1_0.visit_date 
    from
        visits v1_0 
    where
        v1_0.pet_id=?
Hibernate: 
    select
        v1_0.pet_id,
        v1_0.id,
        v1_0.cost,
        v1_0.created_at,
        v1_0.description,
        v1_0.diagnosis,
        v1_0.treatment,
        v1_0.updated_at,
        v1_0.veterinarian_id,
        v1_0.visit_date 
    from
        visits v1_0 
    where
        v1_0.pet_id=?
Hibernate: 
    select
        p1_0.owner_id,
        p1_0.id,
        p1_0.birth_date,
        p1_0.breed,
        p1_0.created_at,
        p1_0.medical_history,
        p1_0.name,
        p1_0.species,
        p1_0.updated_at 
    from
        pets p1_0 
    where
        p1_0.owner_id=?
Hibernate: 
    select
        v1_0.pet_id,
        v1_0.id,
        v1_0.cost,
        v1_0.created_at,
        v1_0.description,
        v1_0.diagnosis,
        v1_0.treatment,
        v1_0.updated_at,
        v1_0.veterinarian_id,
        v1_0.visit_date 
    from
        visits v1_0 
    where
        v1_0.pet_id=?
Hibernate: 
    select
        v1_0.pet_id,
        v1_0.id,
        v1_0.cost,
        v1_0.created_at,
        v1_0.description,
        v1_0.diagnosis,
        v1_0.treatment,
        v1_0.updated_at,
        v1_0.veterinarian_id,
        v1_0.visit_date 
    from
        visits v1_0 
    where
        v1_0.pet_id=?
Hibernate: 
    select
        p1_0.owner_id,
        p1_0.id,
        p1_0.birth_date,
        p1_0.breed,
        p1_0.created_at,
        p1_0.medical_history,
        p1_0.name,
        p1_0.species,
        p1_0.updated_at 
    from
        pets p1_0 
    where
        p1_0.owner_id=?
Hibernate: 
    select
        v1_0.pet_id,
        v1_0.id,
        v1_0.cost,
        v1_0.created_at,
        v1_0.description,
        v1_0.diagnosis,
        v1_0.treatment,
        v1_0.updated_at,
        v1_0.veterinarian_id,
        v1_0.visit_date 
    from
        visits v1_0 
    where
        v1_0.pet_id=?
Hibernate: 
    select
        v1_0.pet_id,
        v1_0.id,
        v1_0.cost,
        v1_0.created_at,
        v1_0.description,
        v1_0.diagnosis,
        v1_0.treatment,
        v1_0.updated_at,
        v1_0.veterinarian_id,
        v1_0.visit_date 
    from
        visits v1_0 
    where
        v1_0.pet_id=?
Hibernate: 
    select
        p1_0.owner_id,
        p1_0.id,
        p1_0.birth_date,
        p1_0.breed,
        p1_0.created_at,
        p1_0.medical_history,
        p1_0.name,
        p1_0.species,
        p1_0.updated_at 
    from
        pets p1_0 
    where
        p1_0.owner_id=?
Hibernate: 
    select
        v1_0.pet_id,
        v1_0.id,
        v1_0.cost,
        v1_0.created_at,
        v1_0.description,
        v1_0.diagnosis,
        v1_0.treatment,
        v1_0.updated_at,
        v1_0.veterinarian_id,
        v1_0.visit_date 
    from
        visits v1_0 
    where
        v1_0.pet_id=?
Hibernate: 
    select
        v1_0.pet_id,
        v1_0.id,
        v1_0.cost,
        v1_0.created_at,
        v1_0.description,
        v1_0.diagnosis,
        v1_0.treatment,
        v1_0.updated_at,
        v1_0.veterinarian_id,
        v1_0.visit_date 
    from
        visits v1_0 
    where
        v1_0.pet_id=?
2026-01-29T14:33:49.818+05:30 DEBUG 58195 --- [pet-clinic-backend] [nio-8081-exec-9] o.s.security.web.FilterChainProxy        : Securing GET /owners?page=0&size=100
2026-01-29T14:33:49.823+05:30 DEBUG 58195 --- [pet-clinic-backend] [nio-8081-exec-9] o.s.s.w.a.AnonymousAuthenticationFilter  : Set SecurityContextHolder to anonymous SecurityContext
2026-01-29T14:33:49.824+05:30 DEBUG 58195 --- [pet-clinic-backend] [nio-8081-exec-9] o.s.security.web.FilterChainProxy        : Secured GET /owners?page=0&size=100
Hibernate: 
    select
        o1_0.id,
        o1_0.address,
        o1_0.city,
        o1_0.created_at,
        o1_0.email,
        o1_0.first_name,
        o1_0.last_name,
        o1_0.telephone,
        o1_0.updated_at 
    from
        owners o1_0 
    limit
        ?, ?
Hibernate: 
    select
        p1_0.owner_id,
        p1_0.id,
        p1_0.birth_date,
        p1_0.breed,
        p1_0.created_at,
        p1_0.medical_history,
        p1_0.name,
        p1_0.species,
        p1_0.updated_at 
    from
        pets p1_0 
    where
        p1_0.owner_id=?
Hibernate: 
    select
        v1_0.pet_id,
        v1_0.id,
        v1_0.cost,
        v1_0.created_at,
        v1_0.description,
        v1_0.diagnosis,
        v1_0.treatment,
        v1_0.updated_at,
        v1_0.veterinarian_id,
        v1_0.visit_date 
    from
        visits v1_0 
    where
        v1_0.pet_id=?
Hibernate: 
    select
        v1_0.pet_id,
        v1_0.id,
        v1_0.cost,
        v1_0.created_at,
        v1_0.description,
        v1_0.diagnosis,
        v1_0.treatment,
        v1_0.updated_at,
        v1_0.veterinarian_id,
        v1_0.visit_date 
    from
        visits v1_0 
    where
        v1_0.pet_id=?
Hibernate: 
    select
        v1_0.pet_id,
        v1_0.id,
        v1_0.cost,
        v1_0.created_at,
        v1_0.description,
        v1_0.diagnosis,
        v1_0.treatment,
        v1_0.updated_at,
        v1_0.veterinarian_id,
        v1_0.visit_date 
    from
        visits v1_0 
    where
        v1_0.pet_id=?
Hibernate: 
    select
        p1_0.owner_id,
        p1_0.id,
        p1_0.birth_date,
        p1_0.breed,
        p1_0.created_at,
        p1_0.medical_history,
        p1_0.name,
        p1_0.species,
        p1_0.updated_at 
    from
        pets p1_0 
    where
        p1_0.owner_id=?
Hibernate: 
    select
        v1_0.pet_id,
        v1_0.id,
        v1_0.cost,
        v1_0.created_at,
        v1_0.description,
        v1_0.diagnosis,
        v1_0.treatment,
        v1_0.updated_at,
        v1_0.veterinarian_id,
        v1_0.visit_date 
    from
        visits v1_0 
    where
        v1_0.pet_id=?
Hibernate: 
    select
        v1_0.pet_id,
        v1_0.id,
        v1_0.cost,
        v1_0.created_at,
        v1_0.description,
        v1_0.diagnosis,
        v1_0.treatment,
        v1_0.updated_at,
        v1_0.veterinarian_id,
        v1_0.visit_date 
    from
        visits v1_0 
    where
        v1_0.pet_id=?
Hibernate: 
    select
        v1_0.pet_id,
        v1_0.id,
        v1_0.cost,
        v1_0.created_at,
        v1_0.description,
        v1_0.diagnosis,
        v1_0.treatment,
        v1_0.updated_at,
        v1_0.veterinarian_id,
        v1_0.visit_date 
    from
        visits v1_0 
    where
        v1_0.pet_id=?
Hibernate: 
    select
        p1_0.owner_id,
        p1_0.id,
        p1_0.birth_date,
        p1_0.breed,
        p1_0.created_at,
        p1_0.medical_history,
        p1_0.name,
        p1_0.species,
        p1_0.updated_at 
    from
        pets p1_0 
    where
        p1_0.owner_id=?
Hibernate: 
    select
        v1_0.pet_id,
        v1_0.id,
        v1_0.cost,
        v1_0.created_at,
        v1_0.description,
        v1_0.diagnosis,
        v1_0.treatment,
        v1_0.updated_at,
        v1_0.veterinarian_id,
        v1_0.visit_date 
    from
        visits v1_0 
    where
        v1_0.pet_id=?
Hibernate: 
    select
        v1_0.pet_id,
        v1_0.id,
        v1_0.cost,
        v1_0.created_at,
        v1_0.description,
        v1_0.diagnosis,
        v1_0.treatment,
        v1_0.updated_at,
        v1_0.veterinarian_id,
        v1_0.visit_date 
    from
        visits v1_0 
    where
        v1_0.pet_id=?
Hibernate: 
    select
        v1_0.pet_id,
        v1_0.id,
        v1_0.cost,
        v1_0.created_at,
        v1_0.description,
        v1_0.diagnosis,
        v1_0.treatment,
        v1_0.updated_at,
        v1_0.veterinarian_id,
        v1_0.visit_date 
    from
        visits v1_0 
    where
        v1_0.pet_id=?
Hibernate: 
    select
        p1_0.owner_id,
        p1_0.id,
        p1_0.birth_date,
        p1_0.breed,
        p1_0.created_at,
        p1_0.medical_history,
        p1_0.name,
        p1_0.species,
        p1_0.updated_at 
    from
        pets p1_0 
    where
        p1_0.owner_id=?
Hibernate: 
    select
        v1_0.pet_id,
        v1_0.id,
        v1_0.cost,
        v1_0.created_at,
        v1_0.description,
        v1_0.diagnosis,
        v1_0.treatment,
        v1_0.updated_at,
        v1_0.veterinarian_id,
        v1_0.visit_date 
    from
        visits v1_0 
    where
        v1_0.pet_id=?
Hibernate: 
    select
        v1_0.pet_id,
        v1_0.id,
        v1_0.cost,
        v1_0.created_at,
        v1_0.description,
        v1_0.diagnosis,
        v1_0.treatment,
        v1_0.updated_at,
        v1_0.veterinarian_id,
        v1_0.visit_date 
    from
        visits v1_0 
    where
        v1_0.pet_id=?
Hibernate: 
    select
        p1_0.owner_id,
        p1_0.id,
        p1_0.birth_date,
        p1_0.breed,
        p1_0.created_at,
        p1_0.medical_history,
        p1_0.name,
        p1_0.species,
        p1_0.updated_at 
    from
        pets p1_0 
    where
        p1_0.owner_id=?
Hibernate: 
    select
        v1_0.pet_id,
        v1_0.id,
        v1_0.cost,
        v1_0.created_at,
        v1_0.description,
        v1_0.diagnosis,
        v1_0.treatment,
        v1_0.updated_at,
        v1_0.veterinarian_id,
        v1_0.visit_date 
    from
        visits v1_0 
    where
        v1_0.pet_id=?
Hibernate: 
    select
        v1_0.pet_id,
        v1_0.id,
        v1_0.cost,
        v1_0.created_at,
        v1_0.description,
        v1_0.diagnosis,
        v1_0.treatment,
        v1_0.updated_at,
        v1_0.veterinarian_id,
        v1_0.visit_date 
    from
        visits v1_0 
    where
        v1_0.pet_id=?
Hibernate: 
    select
        p1_0.owner_id,
        p1_0.id,
        p1_0.birth_date,
        p1_0.breed,
        p1_0.created_at,
        p1_0.medical_history,
        p1_0.name,
        p1_0.species,
        p1_0.updated_at 
    from
        pets p1_0 
    where
        p1_0.owner_id=?
Hibernate: 
    select
        v1_0.pet_id,
        v1_0.id,
        v1_0.cost,
        v1_0.created_at,
        v1_0.description,
        v1_0.diagnosis,
        v1_0.treatment,
        v1_0.updated_at,
        v1_0.veterinarian_id,
        v1_0.visit_date 
    from
        visits v1_0 
    where
        v1_0.pet_id=?
Hibernate: 
    select
        v1_0.pet_id,
        v1_0.id,
        v1_0.cost,
        v1_0.created_at,
        v1_0.description,
        v1_0.diagnosis,
        v1_0.treatment,
        v1_0.updated_at,
        v1_0.veterinarian_id,
        v1_0.visit_date 
    from
        visits v1_0 
    where
        v1_0.pet_id=?
Hibernate: 
    select
        p1_0.owner_id,
        p1_0.id,
        p1_0.birth_date,
        p1_0.breed,
        p1_0.created_at,
        p1_0.medical_history,
        p1_0.name,
        p1_0.species,
        p1_0.updated_at 
    from
        pets p1_0 
    where
        p1_0.owner_id=?
Hibernate: 
    select
        v1_0.pet_id,
        v1_0.id,
        v1_0.cost,
        v1_0.created_at,
        v1_0.description,
        v1_0.diagnosis,
        v1_0.treatment,
        v1_0.updated_at,
        v1_0.veterinarian_id,
        v1_0.visit_date 
    from
        visits v1_0 
    where
        v1_0.pet_id=?
Hibernate: 
    select
        v1_0.pet_id,
        v1_0.id,
        v1_0.cost,
        v1_0.created_at,
        v1_0.description,
        v1_0.diagnosis,
        v1_0.treatment,
        v1_0.updated_at,
        v1_0.veterinarian_id,
        v1_0.visit_date 
    from
        visits v1_0 
    where
        v1_0.pet_id=?
Hibernate: 
    select
        p1_0.owner_id,
        p1_0.id,
        p1_0.birth_date,
        p1_0.breed,
        p1_0.created_at,
        p1_0.medical_history,
        p1_0.name,
        p1_0.species,
        p1_0.updated_at 
    from
        pets p1_0 
    where
        p1_0.owner_id=?
Hibernate: 
    select
        v1_0.pet_id,
        v1_0.id,
        v1_0.cost,
        v1_0.created_at,
        v1_0.description,
        v1_0.diagnosis,
        v1_0.treatment,
        v1_0.updated_at,
        v1_0.veterinarian_id,
        v1_0.visit_date 
    from
        visits v1_0 
    where
        v1_0.pet_id=?
Hibernate: 
    select
        v1_0.pet_id,
        v1_0.id,
        v1_0.cost,
        v1_0.created_at,
        v1_0.description,
        v1_0.diagnosis,
        v1_0.treatment,
        v1_0.updated_at,
        v1_0.veterinarian_id,
        v1_0.visit_date 
    from
        visits v1_0 
    where
        v1_0.pet_id=?
Hibernate: 
    select
        p1_0.owner_id,
        p1_0.id,
        p1_0.birth_date,
        p1_0.breed,
        p1_0.created_at,
        p1_0.medical_history,
        p1_0.name,
        p1_0.species,
        p1_0.updated_at 
    from
        pets p1_0 
    where
        p1_0.owner_id=?
Hibernate: 
    select
        v1_0.pet_id,
        v1_0.id,
        v1_0.cost,
        v1_0.created_at,
        v1_0.description,
        v1_0.diagnosis,
        v1_0.treatment,
        v1_0.updated_at,
        v1_0.veterinarian_id,
        v1_0.visit_date 
    from
        visits v1_0 
    where
        v1_0.pet_id=?
Hibernate: 
    select
        v1_0.pet_id,
        v1_0.id,
        v1_0.cost,
        v1_0.created_at,
        v1_0.description,
        v1_0.diagnosis,
        v1_0.treatment,
        v1_0.updated_at,
        v1_0.veterinarian_id,
        v1_0.visit_date 
    from
        visits v1_0 
    where
        v1_0.pet_id=?
Hibernate: 
    select
        p1_0.owner_id,
        p1_0.id,
        p1_0.birth_date,
        p1_0.breed,
        p1_0.created_at,
        p1_0.medical_history,
        p1_0.name,
        p1_0.species,
        p1_0.updated_at 
    from
        pets p1_0 
    where
        p1_0.owner_id=?
Hibernate: 
    select
        v1_0.pet_id,
        v1_0.id,
        v1_0.cost,
        v1_0.created_at,
        v1_0.description,
        v1_0.diagnosis,
        v1_0.treatment,
        v1_0.updated_at,
        v1_0.veterinarian_id,
        v1_0.visit_date 
    from
        visits v1_0 
    where
        v1_0.pet_id=?
Hibernate: 
    select
        v1_0.pet_id,
        v1_0.id,
        v1_0.cost,
        v1_0.created_at,
        v1_0.description,
        v1_0.diagnosis,
        v1_0.treatment,
        v1_0.updated_at,
        v1_0.veterinarian_id,
        v1_0.visit_date 
    from
        visits v1_0 
    where
        v1_0.pet_id=?
Hibernate: 
    select
        p1_0.owner_id,
        p1_0.id,
        p1_0.birth_date,
        p1_0.breed,
        p1_0.created_at,
        p1_0.medical_history,
        p1_0.name,
        p1_0.species,
        p1_0.updated_at 
    from
        pets p1_0 
    where
        p1_0.owner_id=?
Hibernate: 
    select
        p1_0.owner_id,
        p1_0.id,
        p1_0.birth_date,
        p1_0.breed,
        p1_0.created_at,
        p1_0.medical_history,
        p1_0.name,
        p1_0.species,
        p1_0.updated_at 
    from
        pets p1_0 
    where
        p1_0.owner_id=?
Hibernate: 
    select
        p1_0.owner_id,
        p1_0.id,
        p1_0.birth_date,
        p1_0.breed,
        p1_0.created_at,
        p1_0.medical_history,
        p1_0.name,
        p1_0.species,
        p1_0.updated_at 
    from
        pets p1_0 
    where
        p1_0.owner_id=?
Hibernate: 
    select
        p1_0.owner_id,
        p1_0.id,
        p1_0.birth_date,
        p1_0.breed,
        p1_0.created_at,
        p1_0.medical_history,
        p1_0.name,
        p1_0.species,
        p1_0.updated_at 
    from
        pets p1_0 
    where
        p1_0.owner_id=?
2026-01-29T14:34:37.433+05:30 DEBUG 58195 --- [pet-clinic-backend] [io-8081-exec-10] o.s.security.web.FilterChainProxy        : Securing POST /owners
2026-01-29T14:34:37.436+05:30 DEBUG 58195 --- [pet-clinic-backend] [io-8081-exec-10] o.s.s.w.a.AnonymousAuthenticationFilter  : Set SecurityContextHolder to anonymous SecurityContext
2026-01-29T14:34:37.437+05:30 DEBUG 58195 --- [pet-clinic-backend] [io-8081-exec-10] o.s.security.web.FilterChainProxy        : Secured POST /owners
Hibernate: 
    insert 
    into
        owners
        (address, city, created_at, email, first_name, last_name, telephone, updated_at) 
    values
        (?, ?, ?, ?, ?, ?, ?, ?)
2026-01-29T14:34:37.589+05:30  WARN 58195 --- [pet-clinic-backend] [io-8081-exec-10] o.h.engine.jdbc.spi.SqlExceptionHelper   : SQL Error: 1048, SQLState: 23000
2026-01-29T14:34:37.589+05:30 ERROR 58195 --- [pet-clinic-backend] [io-8081-exec-10] o.h.engine.jdbc.spi.SqlExceptionHelper   : Column 'created_at' cannot be null
2026-01-29T14:39:17.951+05:30  INFO 58195 --- [pet-clinic-backend] [   File Watcher] rtingClassPathChangeChangedEventListener : Restarting due to 14 class path changes (0 additions, 0 deletions, 14 modifications)
2026-01-29T14:39:17.977+05:30  INFO 58195 --- [pet-clinic-backend] [      Thread-60] j.LocalContainerEntityManagerFactoryBean : Closing JPA EntityManagerFactory for persistence unit 'default'
2026-01-29T14:39:17.981+05:30  INFO 58195 --- [pet-clinic-backend] [      Thread-60] com.zaxxer.hikari.HikariDataSource       : HikariPool-13 - Shutdown initiated...
2026-01-29T14:39:17.987+05:30  INFO 58195 --- [pet-clinic-backend] [      Thread-60] com.zaxxer.hikari.HikariDataSource       : HikariPool-13 - Shutdown completed.

  .   ____          _            __ _ _
 /\\ / ___'_ __ _ _(_)_ __  __ _ \ \ \ \
( ( )\___ | '_ | '_| | '_ \/ _` | \ \ \ \
 \\/  ___)| |_)| | | | | || (_| |  ) ) ) )
  '  |____| .__|_| |_|_| |_\__, | / / / /
 =========|_|==============|___/=/_/_/_/
 :: Spring Boot ::                (v3.2.1)

2026-01-29T14:39:18.135+05:30  INFO 58195 --- [pet-clinic-backend] [  restartedMain] c.p.backend.PetClinicBackendApplication  : Starting PetClinicBackendApplication using Java 21.0.1 with PID 58195 (/Users/Vivek/Desktop/Cloud & Devops/pet-clinic-cicd-pipeline/pet-clinic-app/pet-clinic-backend/target/classes started by Vivek in /Users/Vivek/Desktop/Cloud & Devops/pet-clinic-cicd-pipeline/pet-clinic-app/pet-clinic-backend)
2026-01-29T14:39:18.135+05:30 DEBUG 58195 --- [pet-clinic-backend] [  restartedMain] c.p.backend.PetClinicBackendApplication  : Running with Spring Boot v3.2.1, Spring v6.1.2
2026-01-29T14:39:18.135+05:30  INFO 58195 --- [pet-clinic-backend] [  restartedMain] c.p.backend.PetClinicBackendApplication  : The following 1 profile is active: "dev"
2026-01-29T14:39:18.266+05:30  INFO 58195 --- [pet-clinic-backend] [  restartedMain] .s.d.r.c.RepositoryConfigurationDelegate : Bootstrapping Spring Data JPA repositories in DEFAULT mode.
2026-01-29T14:39:18.271+05:30  INFO 58195 --- [pet-clinic-backend] [  restartedMain] .s.d.r.c.RepositoryConfigurationDelegate : Finished Spring Data repository scanning in 4 ms. Found 4 JPA repository interfaces.
2026-01-29T14:39:18.419+05:30  INFO 58195 --- [pet-clinic-backend] [  restartedMain] o.s.b.w.embedded.tomcat.TomcatWebServer  : Tomcat initialized with port 8081 (http)
2026-01-29T14:39:18.420+05:30  INFO 58195 --- [pet-clinic-backend] [  restartedMain] o.apache.catalina.core.StandardService   : Starting service [Tomcat]
2026-01-29T14:39:18.420+05:30  INFO 58195 --- [pet-clinic-backend] [  restartedMain] o.apache.catalina.core.StandardEngine    : Starting Servlet engine: [Apache Tomcat/10.1.17]
2026-01-29T14:39:18.440+05:30  INFO 58195 --- [pet-clinic-backend] [  restartedMain] o.a.c.c.C.[Tomcat-1].[localhost].[/api]  : Initializing Spring embedded WebApplicationContext
2026-01-29T14:39:18.440+05:30  INFO 58195 --- [pet-clinic-backend] [  restartedMain] w.s.c.ServletWebServerApplicationContext : Root WebApplicationContext: initialization completed in 304 ms
2026-01-29T14:39:18.519+05:30  INFO 58195 --- [pet-clinic-backend] [  restartedMain] com.zaxxer.hikari.HikariDataSource       : HikariPool-14 - Starting...
2026-01-29T14:39:18.844+05:30  INFO 58195 --- [pet-clinic-backend] [  restartedMain] com.zaxxer.hikari.pool.HikariPool        : HikariPool-14 - Added connection com.mysql.cj.jdbc.ConnectionImpl@3d7eeec6
2026-01-29T14:39:18.844+05:30  INFO 58195 --- [pet-clinic-backend] [  restartedMain] com.zaxxer.hikari.HikariDataSource       : HikariPool-14 - Start completed.
2026-01-29T14:39:18.881+05:30  INFO 58195 --- [pet-clinic-backend] [  restartedMain] o.hibernate.jpa.internal.util.LogHelper  : HHH000204: Processing PersistenceUnitInfo [name: default]
2026-01-29T14:39:18.882+05:30  INFO 58195 --- [pet-clinic-backend] [  restartedMain] o.h.c.internal.RegionFactoryInitiator    : HHH000026: Second-level cache disabled
2026-01-29T14:39:18.885+05:30  INFO 58195 --- [pet-clinic-backend] [  restartedMain] o.s.o.j.p.SpringPersistenceUnitInfo      : No LoadTimeWeaver setup: ignoring JPA class transformer
2026-01-29T14:39:18.885+05:30  WARN 58195 --- [pet-clinic-backend] [  restartedMain] org.hibernate.orm.deprecation            : HHH90000025: MySQL8Dialect does not need to be specified explicitly using 'hibernate.dialect' (remove the property setting and it will be selected by default)
2026-01-29T14:39:18.886+05:30  WARN 58195 --- [pet-clinic-backend] [  restartedMain] org.hibernate.orm.deprecation            : HHH90000026: MySQL8Dialect has been deprecated; use org.hibernate.dialect.MySQLDialect instead
2026-01-29T14:39:18.923+05:30  INFO 58195 --- [pet-clinic-backend] [  restartedMain] o.h.e.t.j.p.i.JtaPlatformInitiator       : HHH000489: No JTA platform available (set 'hibernate.transaction.jta.platform' to enable JTA platform integration)
2026-01-29T14:39:19.072+05:30  INFO 58195 --- [pet-clinic-backend] [  restartedMain] j.LocalContainerEntityManagerFactoryBean : Initialized JPA EntityManagerFactory for persistence unit 'default'
2026-01-29T14:39:19.327+05:30  WARN 58195 --- [pet-clinic-backend] [  restartedMain] JpaBaseConfiguration$JpaWebConfiguration : spring.jpa.open-in-view is enabled by default. Therefore, database queries may be performed during view rendering. Explicitly configure spring.jpa.open-in-view to disable this warning
2026-01-29T14:39:19.341+05:30  WARN 58195 --- [pet-clinic-backend] [  restartedMain] .s.s.UserDetailsServiceAutoConfiguration : 

Using generated security password: 56849586-cfdb-4304-8cce-78827716f502

This generated password is for development use only. Your security configuration must be updated before running your application in production.

2026-01-29T14:39:19.464+05:30  INFO 58195 --- [pet-clinic-backend] [  restartedMain] o.s.b.a.e.web.EndpointLinksResolver      : Exposing 3 endpoint(s) beneath base path '/actuator'
2026-01-29T14:39:19.489+05:30  INFO 58195 --- [pet-clinic-backend] [  restartedMain] o.s.s.web.DefaultSecurityFilterChain     : Will secure any request with [org.springframework.security.web.session.DisableEncodeUrlFilter@17f2f03c, org.springframework.security.web.context.request.async.WebAsyncManagerIntegrationFilter@5cd0670c, org.springframework.security.web.context.SecurityContextHolderFilter@465c8e9d, org.springframework.security.web.header.HeaderWriterFilter@670fdbb5, org.springframework.web.filter.CorsFilter@50c853fd, org.springframework.security.web.authentication.logout.LogoutFilter@7810a2e2, org.springframework.security.web.savedrequest.RequestCacheAwareFilter@2d5f574f, org.springframework.security.web.servletapi.SecurityContextHolderAwareRequestFilter@38f3e18b, org.springframework.security.web.authentication.AnonymousAuthenticationFilter@6eccf23d, org.springframework.security.web.session.SessionManagementFilter@61bed747, org.springframework.security.web.access.ExceptionTranslationFilter@7bbef711, org.springframework.security.web.access.intercept.AuthorizationFilter@408b6ef]
2026-01-29T14:39:19.628+05:30  INFO 58195 --- [pet-clinic-backend] [  restartedMain] o.s.b.d.a.OptionalLiveReloadServer       : LiveReload server is running on port 35729
2026-01-29T14:39:19.637+05:30  INFO 58195 --- [pet-clinic-backend] [  restartedMain] o.s.b.w.embedded.tomcat.TomcatWebServer  : Tomcat started on port 8081 (http) with context path '/api'
2026-01-29T14:39:19.642+05:30  INFO 58195 --- [pet-clinic-backend] [  restartedMain] c.p.backend.PetClinicBackendApplication  : Started PetClinicBackendApplication in 1.521 seconds (process running for 6129.919)
2026-01-29T14:39:19.642+05:30  INFO 58195 --- [pet-clinic-backend] [  restartedMain] .ConditionEvaluationDeltaLoggingListener : Condition evaluation unchanged
2026-01-29T14:40:13.367+05:30  INFO 58195 --- [pet-clinic-backend] [nio-8081-exec-4] o.a.c.c.C.[Tomcat-1].[localhost].[/api]  : Initializing Spring DispatcherServlet 'dispatcherServlet'
2026-01-29T14:40:13.367+05:30  INFO 58195 --- [pet-clinic-backend] [nio-8081-exec-4] o.s.web.servlet.DispatcherServlet        : Initializing Servlet 'dispatcherServlet'
2026-01-29T14:40:13.375+05:30  INFO 58195 --- [pet-clinic-backend] [nio-8081-exec-4] o.s.web.servlet.DispatcherServlet        : Completed initialization in 7 ms
2026-01-29T14:40:13.388+05:30 DEBUG 58195 --- [pet-clinic-backend] [nio-8081-exec-4] o.s.security.web.FilterChainProxy        : Securing GET /owners
2026-01-29T14:40:13.389+05:30 DEBUG 58195 --- [pet-clinic-backend] [nio-8081-exec-4] o.s.s.w.a.AnonymousAuthenticationFilter  : Set SecurityContextHolder to anonymous SecurityContext
2026-01-29T14:40:13.389+05:30 DEBUG 58195 --- [pet-clinic-backend] [nio-8081-exec-4] o.s.s.w.session.SessionManagementFilter  : Request requested invalid session id F9693A103CB749BE30021038E3A0C943
2026-01-29T14:40:13.390+05:30 DEBUG 58195 --- [pet-clinic-backend] [nio-8081-exec-4] o.s.security.web.FilterChainProxy        : Secured GET /owners
2026-01-29T14:40:13.404+05:30 DEBUG 58195 --- [pet-clinic-backend] [nio-8081-exec-4] o.s.security.web.FilterChainProxy        : Securing GET /error
2026-01-29T14:40:13.404+05:30 DEBUG 58195 --- [pet-clinic-backend] [nio-8081-exec-4] o.s.security.web.FilterChainProxy        : Secured GET /error
2026-01-29T14:40:13.435+05:30 DEBUG 58195 --- [pet-clinic-backend] [nio-8081-exec-4] o.s.s.w.a.AnonymousAuthenticationFilter  : Set SecurityContextHolder to anonymous SecurityContext
2026-01-29T14:40:53.140+05:30 DEBUG 58195 --- [pet-clinic-backend] [nio-8081-exec-5] o.s.security.web.FilterChainProxy        : Securing POST /owners
2026-01-29T14:40:53.143+05:30 DEBUG 58195 --- [pet-clinic-backend] [nio-8081-exec-5] o.s.s.w.a.AnonymousAuthenticationFilter  : Set SecurityContextHolder to anonymous SecurityContext
2026-01-29T14:40:53.144+05:30 DEBUG 58195 --- [pet-clinic-backend] [nio-8081-exec-5] o.s.security.web.FilterChainProxy        : Secured POST /owners
2026-01-29T14:40:53.157+05:30 DEBUG 58195 --- [pet-clinic-backend] [nio-8081-exec-5] o.s.security.web.FilterChainProxy        : Securing POST /error
2026-01-29T14:40:53.158+05:30 DEBUG 58195 --- [pet-clinic-backend] [nio-8081-exec-5] o.s.security.web.FilterChainProxy        : Secured POST /error
2026-01-29T14:40:53.168+05:30 DEBUG 58195 --- [pet-clinic-backend] [nio-8081-exec-5] o.s.s.w.a.AnonymousAuthenticationFilter  : Set SecurityContextHolder to anonymous SecurityContext
2026-01-29T14:42:11.101+05:30 DEBUG 58195 --- [pet-clinic-backend] [nio-8081-exec-9] o.s.security.web.FilterChainProxy        : Securing GET /owners
2026-01-29T14:42:11.109+05:30 DEBUG 58195 --- [pet-clinic-backend] [nio-8081-exec-9] o.s.s.w.a.AnonymousAuthenticationFilter  : Set SecurityContextHolder to anonymous SecurityContext
2026-01-29T14:42:11.109+05:30 DEBUG 58195 --- [pet-clinic-backend] [nio-8081-exec-9] o.s.s.w.session.SessionManagementFilter  : Request requested invalid session id 229B058461C2F00150335D2A75848372
2026-01-29T14:42:11.111+05:30 DEBUG 58195 --- [pet-clinic-backend] [nio-8081-exec-9] o.s.security.web.FilterChainProxy        : Secured GET /owners
2026-01-29T14:42:11.121+05:30 DEBUG 58195 --- [pet-clinic-backend] [nio-8081-exec-9] o.s.security.web.FilterChainProxy        : Securing GET /error
2026-01-29T14:42:11.122+05:30 DEBUG 58195 --- [pet-clinic-backend] [nio-8081-exec-9] o.s.security.web.FilterChainProxy        : Secured GET /error
2026-01-29T14:42:11.130+05:30 DEBUG 58195 --- [pet-clinic-backend] [nio-8081-exec-9] o.s.s.w.a.AnonymousAuthenticationFilter  : Set SecurityContextHolder to anonymous SecurityContext
2026-01-29T14:45:17.586+05:30  INFO 58195 --- [pet-clinic-backend] [   File Watcher] rtingClassPathChangeChangedEventListener : Restarting due to 14 class path changes (0 additions, 0 deletions, 14 modifications)
2026-01-29T14:45:17.604+05:30  INFO 58195 --- [pet-clinic-backend] [      Thread-67] j.LocalContainerEntityManagerFactoryBean : Closing JPA EntityManagerFactory for persistence unit 'default'
2026-01-29T14:45:17.607+05:30  INFO 58195 --- [pet-clinic-backend] [      Thread-67] com.zaxxer.hikari.HikariDataSource       : HikariPool-14 - Shutdown initiated...
2026-01-29T14:45:17.609+05:30  INFO 58195 --- [pet-clinic-backend] [      Thread-67] com.zaxxer.hikari.HikariDataSource       : HikariPool-14 - Shutdown completed.

  .   ____          _            __ _ _
 /\\ / ___'_ __ _ _(_)_ __  __ _ \ \ \ \
( ( )\___ | '_ | '_| | '_ \/ _` | \ \ \ \
 \\/  ___)| |_)| | | | | || (_| |  ) ) ) )
  '  |____| .__|_| |_|_| |_\__, | / / / /
 =========|_|==============|___/=/_/_/_/
 :: Spring Boot ::                (v3.2.1)

2026-01-29T14:45:17.723+05:30  INFO 58195 --- [pet-clinic-backend] [  restartedMain] c.p.backend.PetClinicBackendApplication  : Starting PetClinicBackendApplication using Java 21.0.1 with PID 58195 (/Users/Vivek/Desktop/Cloud & Devops/pet-clinic-cicd-pipeline/pet-clinic-app/pet-clinic-backend/target/classes started by Vivek in /Users/Vivek/Desktop/Cloud & Devops/pet-clinic-cicd-pipeline/pet-clinic-app/pet-clinic-backend)
2026-01-29T14:45:17.723+05:30 DEBUG 58195 --- [pet-clinic-backend] [  restartedMain] c.p.backend.PetClinicBackendApplication  : Running with Spring Boot v3.2.1, Spring v6.1.2
2026-01-29T14:45:17.723+05:30  INFO 58195 --- [pet-clinic-backend] [  restartedMain] c.p.backend.PetClinicBackendApplication  : The following 1 profile is active: "dev"
2026-01-29T14:45:17.848+05:30  INFO 58195 --- [pet-clinic-backend] [  restartedMain] .s.d.r.c.RepositoryConfigurationDelegate : Bootstrapping Spring Data JPA repositories in DEFAULT mode.
2026-01-29T14:45:17.853+05:30  INFO 58195 --- [pet-clinic-backend] [  restartedMain] .s.d.r.c.RepositoryConfigurationDelegate : Finished Spring Data repository scanning in 5 ms. Found 4 JPA repository interfaces.
2026-01-29T14:45:17.960+05:30  INFO 58195 --- [pet-clinic-backend] [  restartedMain] o.s.b.w.embedded.tomcat.TomcatWebServer  : Tomcat initialized with port 8081 (http)
2026-01-29T14:45:17.961+05:30  INFO 58195 --- [pet-clinic-backend] [  restartedMain] o.apache.catalina.core.StandardService   : Starting service [Tomcat]
2026-01-29T14:45:17.961+05:30  INFO 58195 --- [pet-clinic-backend] [  restartedMain] o.apache.catalina.core.StandardEngine    : Starting Servlet engine: [Apache Tomcat/10.1.17]
2026-01-29T14:45:17.975+05:30  INFO 58195 --- [pet-clinic-backend] [  restartedMain] o.a.c.c.C.[Tomcat-1].[localhost].[/api]  : Initializing Spring embedded WebApplicationContext
2026-01-29T14:45:17.976+05:30  INFO 58195 --- [pet-clinic-backend] [  restartedMain] w.s.c.ServletWebServerApplicationContext : Root WebApplicationContext: initialization completed in 252 ms
2026-01-29T14:45:18.046+05:30  INFO 58195 --- [pet-clinic-backend] [  restartedMain] com.zaxxer.hikari.HikariDataSource       : HikariPool-15 - Starting...
2026-01-29T14:45:18.148+05:30  INFO 58195 --- [pet-clinic-backend] [  restartedMain] com.zaxxer.hikari.pool.HikariPool        : HikariPool-15 - Added connection com.mysql.cj.jdbc.ConnectionImpl@47352b76
2026-01-29T14:45:18.148+05:30  INFO 58195 --- [pet-clinic-backend] [  restartedMain] com.zaxxer.hikari.HikariDataSource       : HikariPool-15 - Start completed.
2026-01-29T14:45:18.164+05:30  INFO 58195 --- [pet-clinic-backend] [  restartedMain] o.hibernate.jpa.internal.util.LogHelper  : HHH000204: Processing PersistenceUnitInfo [name: default]
2026-01-29T14:45:18.164+05:30  INFO 58195 --- [pet-clinic-backend] [  restartedMain] o.h.c.internal.RegionFactoryInitiator    : HHH000026: Second-level cache disabled
2026-01-29T14:45:18.165+05:30  INFO 58195 --- [pet-clinic-backend] [  restartedMain] o.s.o.j.p.SpringPersistenceUnitInfo      : No LoadTimeWeaver setup: ignoring JPA class transformer
2026-01-29T14:45:18.166+05:30  WARN 58195 --- [pet-clinic-backend] [  restartedMain] org.hibernate.orm.deprecation            : HHH90000025: MySQL8Dialect does not need to be specified explicitly using 'hibernate.dialect' (remove the property setting and it will be selected by default)
2026-01-29T14:45:18.166+05:30  WARN 58195 --- [pet-clinic-backend] [  restartedMain] org.hibernate.orm.deprecation            : HHH90000026: MySQL8Dialect has been deprecated; use org.hibernate.dialect.MySQLDialect instead
2026-01-29T14:45:18.197+05:30  INFO 58195 --- [pet-clinic-backend] [  restartedMain] o.h.e.t.j.p.i.JtaPlatformInitiator       : HHH000489: No JTA platform available (set 'hibernate.transaction.jta.platform' to enable JTA platform integration)
2026-01-29T14:45:18.400+05:30  INFO 58195 --- [pet-clinic-backend] [  restartedMain] j.LocalContainerEntityManagerFactoryBean : Initialized JPA EntityManagerFactory for persistence unit 'default'
2026-01-29T14:45:18.660+05:30  WARN 58195 --- [pet-clinic-backend] [  restartedMain] JpaBaseConfiguration$JpaWebConfiguration : spring.jpa.open-in-view is enabled by default. Therefore, database queries may be performed during view rendering. Explicitly configure spring.jpa.open-in-view to disable this warning
2026-01-29T14:45:18.673+05:30  WARN 58195 --- [pet-clinic-backend] [  restartedMain] .s.s.UserDetailsServiceAutoConfiguration : 

Using generated security password: 25a15649-e2db-4821-8123-1ab2f3eb06e2

This generated password is for development use only. Your security configuration must be updated before running your application in production.

2026-01-29T14:45:18.799+05:30  INFO 58195 --- [pet-clinic-backend] [  restartedMain] o.s.b.a.e.web.EndpointLinksResolver      : Exposing 3 endpoint(s) beneath base path '/actuator'
2026-01-29T14:45:18.826+05:30  INFO 58195 --- [pet-clinic-backend] [  restartedMain] o.s.s.web.DefaultSecurityFilterChain     : Will secure any request with [org.springframework.security.web.session.DisableEncodeUrlFilter@2c73d07, org.springframework.security.web.context.request.async.WebAsyncManagerIntegrationFilter@5e4a552, org.springframework.security.web.context.SecurityContextHolderFilter@3a2650d0, org.springframework.security.web.header.HeaderWriterFilter@4ac110e3, org.springframework.web.filter.CorsFilter@508d0205, org.springframework.security.web.authentication.logout.LogoutFilter@3681168d, org.springframework.security.web.savedrequest.RequestCacheAwareFilter@17b72d37, org.springframework.security.web.servletapi.SecurityContextHolderAwareRequestFilter@7d991c92, org.springframework.security.web.authentication.AnonymousAuthenticationFilter@4918cf19, org.springframework.security.web.session.SessionManagementFilter@385f721d, org.springframework.security.web.access.ExceptionTranslationFilter@7485e83a, org.springframework.security.web.access.intercept.AuthorizationFilter@336e1381]
2026-01-29T14:45:18.969+05:30  INFO 58195 --- [pet-clinic-backend] [  restartedMain] o.s.b.d.a.OptionalLiveReloadServer       : LiveReload server is running on port 35729
2026-01-29T14:45:18.978+05:30  INFO 58195 --- [pet-clinic-backend] [  restartedMain] o.s.b.w.embedded.tomcat.TomcatWebServer  : Tomcat started on port 8081 (http) with context path '/api'
2026-01-29T14:45:18.983+05:30  INFO 58195 --- [pet-clinic-backend] [  restartedMain] c.p.backend.PetClinicBackendApplication  : Started PetClinicBackendApplication in 1.275 seconds (process running for 6489.258)
2026-01-29T14:45:18.983+05:30  INFO 58195 --- [pet-clinic-backend] [  restartedMain] .ConditionEvaluationDeltaLoggingListener : Condition evaluation unchanged
2026-01-29T14:45:33.294+05:30  INFO 58195 --- [pet-clinic-backend] [nio-8081-exec-1] o.a.c.c.C.[Tomcat-1].[localhost].[/api]  : Initializing Spring DispatcherServlet 'dispatcherServlet'
2026-01-29T14:45:33.295+05:30  INFO 58195 --- [pet-clinic-backend] [nio-8081-exec-1] o.s.web.servlet.DispatcherServlet        : Initializing Servlet 'dispatcherServlet'
2026-01-29T14:45:33.303+05:30  INFO 58195 --- [pet-clinic-backend] [nio-8081-exec-1] o.s.web.servlet.DispatcherServlet        : Completed initialization in 8 ms
2026-01-29T14:45:33.306+05:30 DEBUG 58195 --- [pet-clinic-backend] [nio-8081-exec-1] o.s.security.web.FilterChainProxy        : Securing GET /owners/test
2026-01-29T14:45:33.309+05:30 DEBUG 58195 --- [pet-clinic-backend] [nio-8081-exec-1] o.s.s.w.a.AnonymousAuthenticationFilter  : Set SecurityContextHolder to anonymous SecurityContext
2026-01-29T14:45:33.310+05:30 DEBUG 58195 --- [pet-clinic-backend] [nio-8081-exec-1] o.s.security.web.FilterChainProxy        : Secured GET /owners/test
2026-01-29T14:45:33.316+05:30 DEBUG 58195 --- [pet-clinic-backend] [nio-8081-exec-1] o.s.security.web.FilterChainProxy        : Securing GET /error
2026-01-29T14:45:33.316+05:30 DEBUG 58195 --- [pet-clinic-backend] [nio-8081-exec-1] o.s.security.web.FilterChainProxy        : Secured GET /error
2026-01-29T14:45:33.329+05:30 DEBUG 58195 --- [pet-clinic-backend] [nio-8081-exec-1] o.s.s.w.a.AnonymousAuthenticationFilter  : Set SecurityContextHolder to anonymous SecurityContext
2026-01-29T14:46:02.638+05:30 DEBUG 58195 --- [pet-clinic-backend] [nio-8081-exec-3] o.s.security.web.FilterChainProxy        : Securing GET /owners/test
2026-01-29T14:46:02.641+05:30 DEBUG 58195 --- [pet-clinic-backend] [nio-8081-exec-3] o.s.s.w.a.AnonymousAuthenticationFilter  : Set SecurityContextHolder to anonymous SecurityContext
2026-01-29T14:46:02.641+05:30 DEBUG 58195 --- [pet-clinic-backend] [nio-8081-exec-3] o.s.security.web.FilterChainProxy        : Secured GET /owners/test
2026-01-29T14:46:02.649+05:30 DEBUG 58195 --- [pet-clinic-backend] [nio-8081-exec-3] o.s.security.web.FilterChainProxy        : Securing GET /error
2026-01-29T14:46:02.649+05:30 DEBUG 58195 --- [pet-clinic-backend] [nio-8081-exec-3] o.s.security.web.FilterChainProxy        : Secured GET /error
2026-01-29T14:46:02.655+05:30 DEBUG 58195 --- [pet-clinic-backend] [nio-8081-exec-3] o.s.s.w.a.AnonymousAuthenticationFilter  : Set SecurityContextHolder to anonymous SecurityContext
2026-01-29T14:47:48.477+05:30 DEBUG 58195 --- [pet-clinic-backend] [nio-8081-exec-6] o.s.security.web.FilterChainProxy        : Securing GET /owners?page=0&size=100
2026-01-29T14:47:48.483+05:30 DEBUG 58195 --- [pet-clinic-backend] [nio-8081-exec-6] o.s.s.w.a.AnonymousAuthenticationFilter  : Set SecurityContextHolder to anonymous SecurityContext
2026-01-29T14:47:48.485+05:30 DEBUG 58195 --- [pet-clinic-backend] [nio-8081-exec-6] o.s.security.web.FilterChainProxy        : Secured GET /owners?page=0&size=100
2026-01-29T14:47:48.494+05:30 DEBUG 58195 --- [pet-clinic-backend] [nio-8081-exec-6] o.s.security.web.FilterChainProxy        : Securing GET /error?page=0&size=100
2026-01-29T14:47:48.495+05:30 DEBUG 58195 --- [pet-clinic-backend] [nio-8081-exec-6] o.s.security.web.FilterChainProxy        : Secured GET /error?page=0&size=100
2026-01-29T14:47:48.501+05:30 DEBUG 58195 --- [pet-clinic-backend] [nio-8081-exec-6] o.s.s.w.a.AnonymousAuthenticationFilter  : Set SecurityContextHolder to anonymous SecurityContext
2026-01-29T14:48:26.040+05:30  INFO 58195 --- [pet-clinic-backend] [   File Watcher] rtingClassPathChangeChangedEventListener : Restarting due to 18 class path changes (0 additions, 0 deletions, 18 modifications)
2026-01-29T14:48:26.062+05:30  INFO 58195 --- [pet-clinic-backend] [      Thread-71] j.LocalContainerEntityManagerFactoryBean : Closing JPA EntityManagerFactory for persistence unit 'default'
2026-01-29T14:48:26.064+05:30  INFO 58195 --- [pet-clinic-backend] [      Thread-71] com.zaxxer.hikari.HikariDataSource       : HikariPool-15 - Shutdown initiated...
2026-01-29T14:48:26.066+05:30  INFO 58195 --- [pet-clinic-backend] [      Thread-71] com.zaxxer.hikari.HikariDataSource       : HikariPool-15 - Shutdown completed.

  .   ____          _            __ _ _
 /\\ / ___'_ __ _ _(_)_ __  __ _ \ \ \ \
( ( )\___ | '_ | '_| | '_ \/ _` | \ \ \ \
 \\/  ___)| |_)| | | | | || (_| |  ) ) ) )
  '  |____| .__|_| |_|_| |_\__, | / / / /
 =========|_|==============|___/=/_/_/_/
 :: Spring Boot ::                (v3.2.1)

2026-01-29T14:48:26.163+05:30  INFO 58195 --- [pet-clinic-backend] [  restartedMain] c.p.backend.PetClinicBackendApplication  : Starting PetClinicBackendApplication using Java 21.0.1 with PID 58195 (/Users/Vivek/Desktop/Cloud & Devops/pet-clinic-cicd-pipeline/pet-clinic-app/pet-clinic-backend/target/classes started by Vivek in /Users/Vivek/Desktop/Cloud & Devops/pet-clinic-cicd-pipeline/pet-clinic-app/pet-clinic-backend)
2026-01-29T14:48:26.164+05:30 DEBUG 58195 --- [pet-clinic-backend] [  restartedMain] c.p.backend.PetClinicBackendApplication  : Running with Spring Boot v3.2.1, Spring v6.1.2
2026-01-29T14:48:26.164+05:30  INFO 58195 --- [pet-clinic-backend] [  restartedMain] c.p.backend.PetClinicBackendApplication  : The following 1 profile is active: "dev"
2026-01-29T14:48:26.282+05:30  INFO 58195 --- [pet-clinic-backend] [  restartedMain] .s.d.r.c.RepositoryConfigurationDelegate : Bootstrapping Spring Data JPA repositories in DEFAULT mode.
2026-01-29T14:48:26.288+05:30  INFO 58195 --- [pet-clinic-backend] [  restartedMain] .s.d.r.c.RepositoryConfigurationDelegate : Finished Spring Data repository scanning in 6 ms. Found 4 JPA repository interfaces.
2026-01-29T14:48:26.382+05:30  INFO 58195 --- [pet-clinic-backend] [  restartedMain] o.s.b.w.embedded.tomcat.TomcatWebServer  : Tomcat initialized with port 8081 (http)
2026-01-29T14:48:26.383+05:30  INFO 58195 --- [pet-clinic-backend] [  restartedMain] o.apache.catalina.core.StandardService   : Starting service [Tomcat]
2026-01-29T14:48:26.383+05:30  INFO 58195 --- [pet-clinic-backend] [  restartedMain] o.apache.catalina.core.StandardEngine    : Starting Servlet engine: [Apache Tomcat/10.1.17]
2026-01-29T14:48:26.405+05:30  INFO 58195 --- [pet-clinic-backend] [  restartedMain] o.a.c.c.C.[Tomcat-1].[localhost].[/api]  : Initializing Spring embedded WebApplicationContext
2026-01-29T14:48:26.405+05:30  INFO 58195 --- [pet-clinic-backend] [  restartedMain] w.s.c.ServletWebServerApplicationContext : Root WebApplicationContext: initialization completed in 241 ms
2026-01-29T14:48:26.467+05:30  INFO 58195 --- [pet-clinic-backend] [  restartedMain] com.zaxxer.hikari.HikariDataSource       : HikariPool-16 - Starting...
2026-01-29T14:48:26.503+05:30  INFO 58195 --- [pet-clinic-backend] [  restartedMain] com.zaxxer.hikari.pool.HikariPool        : HikariPool-16 - Added connection com.mysql.cj.jdbc.ConnectionImpl@56c32401
2026-01-29T14:48:26.503+05:30  INFO 58195 --- [pet-clinic-backend] [  restartedMain] com.zaxxer.hikari.HikariDataSource       : HikariPool-16 - Start completed.
2026-01-29T14:48:26.517+05:30  INFO 58195 --- [pet-clinic-backend] [  restartedMain] o.hibernate.jpa.internal.util.LogHelper  : HHH000204: Processing PersistenceUnitInfo [name: default]
2026-01-29T14:48:26.517+05:30  INFO 58195 --- [pet-clinic-backend] [  restartedMain] o.h.c.internal.RegionFactoryInitiator    : HHH000026: Second-level cache disabled
2026-01-29T14:48:26.518+05:30  INFO 58195 --- [pet-clinic-backend] [  restartedMain] o.s.o.j.p.SpringPersistenceUnitInfo      : No LoadTimeWeaver setup: ignoring JPA class transformer
2026-01-29T14:48:26.519+05:30  WARN 58195 --- [pet-clinic-backend] [  restartedMain] org.hibernate.orm.deprecation            : HHH90000025: MySQL8Dialect does not need to be specified explicitly using 'hibernate.dialect' (remove the property setting and it will be selected by default)
2026-01-29T14:48:26.519+05:30  WARN 58195 --- [pet-clinic-backend] [  restartedMain] org.hibernate.orm.deprecation            : HHH90000026: MySQL8Dialect has been deprecated; use org.hibernate.dialect.MySQLDialect instead
2026-01-29T14:48:26.548+05:30  INFO 58195 --- [pet-clinic-backend] [  restartedMain] o.h.e.t.j.p.i.JtaPlatformInitiator       : HHH000489: No JTA platform available (set 'hibernate.transaction.jta.platform' to enable JTA platform integration)
2026-01-29T14:48:26.719+05:30  INFO 58195 --- [pet-clinic-backend] [  restartedMain] j.LocalContainerEntityManagerFactoryBean : Initialized JPA EntityManagerFactory for persistence unit 'default'
2026-01-29T14:48:26.971+05:30  WARN 58195 --- [pet-clinic-backend] [  restartedMain] JpaBaseConfiguration$JpaWebConfiguration : spring.jpa.open-in-view is enabled by default. Therefore, database queries may be performed during view rendering. Explicitly configure spring.jpa.open-in-view to disable this warning
2026-01-29T14:48:26.985+05:30  WARN 58195 --- [pet-clinic-backend] [  restartedMain] .s.s.UserDetailsServiceAutoConfiguration : 

Using generated security password: 6d3fa491-ee5f-4c89-a891-1ec0e7d2bf06

This generated password is for development use only. Your security configuration must be updated before running your application in production.

2026-01-29T14:48:27.103+05:30  INFO 58195 --- [pet-clinic-backend] [  restartedMain] o.s.b.a.e.web.EndpointLinksResolver      : Exposing 3 endpoint(s) beneath base path '/actuator'
2026-01-29T14:48:27.131+05:30  INFO 58195 --- [pet-clinic-backend] [  restartedMain] o.s.s.web.DefaultSecurityFilterChain     : Will secure any request with [org.springframework.security.web.session.DisableEncodeUrlFilter@6ddcf671, org.springframework.security.web.context.request.async.WebAsyncManagerIntegrationFilter@2c834b80, org.springframework.security.web.context.SecurityContextHolderFilter@46c64c40, org.springframework.security.web.header.HeaderWriterFilter@64133045, org.springframework.web.filter.CorsFilter@5a5d2cef, org.springframework.security.web.authentication.logout.LogoutFilter@6c05a73f, org.springframework.security.web.savedrequest.RequestCacheAwareFilter@61b78579, org.springframework.security.web.servletapi.SecurityContextHolderAwareRequestFilter@507963ad, org.springframework.security.web.authentication.AnonymousAuthenticationFilter@4eac58c3, org.springframework.security.web.session.SessionManagementFilter@618a2ea4, org.springframework.security.web.access.ExceptionTranslationFilter@54b661d5, org.springframework.security.web.access.intercept.AuthorizationFilter@3aa41e29]
2026-01-29T14:48:27.254+05:30  INFO 58195 --- [pet-clinic-backend] [  restartedMain] o.s.b.d.a.OptionalLiveReloadServer       : LiveReload server is running on port 35729
2026-01-29T14:48:27.263+05:30  INFO 58195 --- [pet-clinic-backend] [  restartedMain] o.s.b.w.embedded.tomcat.TomcatWebServer  : Tomcat started on port 8081 (http) with context path '/api'
2026-01-29T14:48:27.267+05:30  INFO 58195 --- [pet-clinic-backend] [  restartedMain] c.p.backend.PetClinicBackendApplication  : Started PetClinicBackendApplication in 1.117 seconds (process running for 6677.541)
2026-01-29T14:48:27.267+05:30  INFO 58195 --- [pet-clinic-backend] [  restartedMain] .ConditionEvaluationDeltaLoggingListener : Condition evaluation unchanged
2026-01-29T14:48:31.715+05:30  INFO 58195 --- [pet-clinic-backend] [   File Watcher] rtingClassPathChangeChangedEventListener : Restarting due to 18 class path changes (0 additions, 18 deletions, 0 modifications)
2026-01-29T14:48:31.737+05:30  INFO 58195 --- [pet-clinic-backend] [      Thread-75] j.LocalContainerEntityManagerFactoryBean : Closing JPA EntityManagerFactory for persistence unit 'default'
2026-01-29T14:48:31.740+05:30  INFO 58195 --- [pet-clinic-backend] [      Thread-75] com.zaxxer.hikari.HikariDataSource       : HikariPool-16 - Shutdown initiated...
2026-01-29T14:48:31.742+05:30  INFO 58195 --- [pet-clinic-backend] [      Thread-75] com.zaxxer.hikari.HikariDataSource       : HikariPool-16 - Shutdown completed.

  .   ____          _            __ _ _
 /\\ / ___'_ __ _ _(_)_ __  __ _ \ \ \ \
( ( )\___ | '_ | '_| | '_ \/ _` | \ \ \ \
 \\/  ___)| |_)| | | | | || (_| |  ) ) ) )
  '  |____| .__|_| |_|_| |_\__, | / / / /
 =========|_|==============|___/=/_/_/_/
 :: Spring Boot ::                (v3.2.1)

2026-01-29T14:48:31.918+05:30  INFO 58195 --- [pet-clinic-backend] [  restartedMain] c.p.backend.PetClinicBackendApplication  : Starting PetClinicBackendApplication using Java 21.0.1 with PID 58195 (/Users/Vivek/Desktop/Cloud & Devops/pet-clinic-cicd-pipeline/pet-clinic-app/pet-clinic-backend/target/classes started by Vivek in /Users/Vivek/Desktop/Cloud & Devops/pet-clinic-cicd-pipeline/pet-clinic-app/pet-clinic-backend)
2026-01-29T14:48:31.918+05:30 DEBUG 58195 --- [pet-clinic-backend] [  restartedMain] c.p.backend.PetClinicBackendApplication  : Running with Spring Boot v3.2.1, Spring v6.1.2
2026-01-29T14:48:31.918+05:30  INFO 58195 --- [pet-clinic-backend] [  restartedMain] c.p.backend.PetClinicBackendApplication  : The following 1 profile is active: "dev"
2026-01-29T14:48:32.054+05:30  INFO 58195 --- [pet-clinic-backend] [  restartedMain] .s.d.r.c.RepositoryConfigurationDelegate : Bootstrapping Spring Data JPA repositories in DEFAULT mode.
2026-01-29T14:48:32.055+05:30  INFO 58195 --- [pet-clinic-backend] [  restartedMain] .s.d.r.c.RepositoryConfigurationDelegate : Finished Spring Data repository scanning in 0 ms. Found 0 JPA repository interfaces.
2026-01-29T14:48:32.077+05:30  WARN 58195 --- [pet-clinic-backend] [  restartedMain] ConfigServletWebServerApplicationContext : Exception encountered during context initialization - cancelling refresh attempt: java.lang.NullPointerException: Cannot read field "generatedClass" because "data" is null
2026-01-29T14:48:32.083+05:30  INFO 58195 --- [pet-clinic-backend] [  restartedMain] .s.b.a.l.ConditionEvaluationReportLogger : 

Error starting ApplicationContext. To display the condition evaluation report re-run your application with 'debug' enabled.
2026-01-29T14:48:32.085+05:30 ERROR 58195 --- [pet-clinic-backend] [  restartedMain] o.s.boot.SpringApplication               : Application run failed

java.lang.NullPointerException: Cannot read field "generatedClass" because "data" is null
	at org.springframework.cglib.proxy.Enhancer.nextInstance(Enhancer.java:783) ~[spring-core-6.1.2.jar:6.1.2]
	at org.springframework.cglib.core.AbstractClassGenerator.create(AbstractClassGenerator.java:321) ~[spring-core-6.1.2.jar:6.1.2]
	at org.springframework.cglib.proxy.Enhancer.createHelper(Enhancer.java:562) ~[spring-core-6.1.2.jar:6.1.2]
	at org.springframework.cglib.proxy.Enhancer.createClass(Enhancer.java:407) ~[spring-core-6.1.2.jar:6.1.2]
	at org.springframework.context.annotation.ConfigurationClassEnhancer.createClass(ConfigurationClassEnhancer.java:138) ~[spring-context-6.1.2.jar:6.1.2]
	at org.springframework.context.annotation.ConfigurationClassEnhancer.enhance(ConfigurationClassEnhancer.java:109) ~[spring-context-6.1.2.jar:6.1.2]
	at org.springframework.context.annotation.ConfigurationClassPostProcessor.enhanceConfigurationClasses(ConfigurationClassPostProcessor.java:533) ~[spring-context-6.1.2.jar:6.1.2]
	at org.springframework.context.annotation.ConfigurationClassPostProcessor.postProcessBeanFactory(ConfigurationClassPostProcessor.java:310) ~[spring-context-6.1.2.jar:6.1.2]
	at org.springframework.context.support.PostProcessorRegistrationDelegate.invokeBeanFactoryPostProcessors(PostProcessorRegistrationDelegate.java:363) ~[spring-context-6.1.2.jar:6.1.2]
	at org.springframework.context.support.PostProcessorRegistrationDelegate.invokeBeanFactoryPostProcessors(PostProcessorRegistrationDelegate.java:153) ~[spring-context-6.1.2.jar:6.1.2]
	at org.springframework.context.support.AbstractApplicationContext.invokeBeanFactoryPostProcessors(AbstractApplicationContext.java:789) ~[spring-context-6.1.2.jar:6.1.2]
	at org.springframework.context.support.AbstractApplicationContext.refresh(AbstractApplicationContext.java:606) ~[spring-context-6.1.2.jar:6.1.2]
	at org.springframework.boot.web.servlet.context.ServletWebServerApplicationContext.refresh(ServletWebServerApplicationContext.java:146) ~[spring-boot-3.2.1.jar:3.2.1]
	at org.springframework.boot.SpringApplication.refresh(SpringApplication.java:762) ~[spring-boot-3.2.1.jar:3.2.1]
	at org.springframework.boot.SpringApplication.refreshContext(SpringApplication.java:464) ~[spring-boot-3.2.1.jar:3.2.1]
	at org.springframework.boot.SpringApplication.run(SpringApplication.java:334) ~[spring-boot-3.2.1.jar:3.2.1]
	at org.springframework.boot.SpringApplication.run(SpringApplication.java:1358) ~[spring-boot-3.2.1.jar:3.2.1]
	at org.springframework.boot.SpringApplication.run(SpringApplication.java:1347) ~[spring-boot-3.2.1.jar:3.2.1]
	at com.petclinic.backend.PetClinicBackendApplication.main(PetClinicBackendApplication.java:14) ~[classes/:na]
	at java.base/jdk.internal.reflect.DirectMethodHandleAccessor.invoke(DirectMethodHandleAccessor.java:103) ~[na:na]
	at java.base/java.lang.reflect.Method.invoke(Method.java:580) ~[na:na]
	at org.springframework.boot.devtools.restart.RestartLauncher.run(RestartLauncher.java:50) ~[spring-boot-devtools-3.2.1.jar:3.2.1]


  .   ____          _            __ _ _
 /\\ / ___'_ __ _ _(_)_ __  __ _ \ \ \ \
( ( )\___ | '_ | '_| | '_ \/ _` | \ \ \ \
 \\/  ___)| |_)| | | | | || (_| |  ) ) ) )
  '  |____| .__|_| |_|_| |_\__, | / / / /
 =========|_|==============|___/=/_/_/_/
 :: Spring Boot ::                (v3.2.1)

2026-01-29T14:48:33.575+05:30  INFO 58195 --- [pet-clinic-backend] [  restartedMain] c.p.backend.PetClinicBackendApplication  : Starting PetClinicBackendApplication using Java 21.0.1 with PID 58195 (/Users/Vivek/Desktop/Cloud & Devops/pet-clinic-cicd-pipeline/pet-clinic-app/pet-clinic-backend/target/classes started by Vivek in /Users/Vivek/Desktop/Cloud & Devops/pet-clinic-cicd-pipeline/pet-clinic-app/pet-clinic-backend)
2026-01-29T14:48:33.575+05:30 DEBUG 58195 --- [pet-clinic-backend] [  restartedMain] c.p.backend.PetClinicBackendApplication  : Running with Spring Boot v3.2.1, Spring v6.1.2
2026-01-29T14:48:33.575+05:30  INFO 58195 --- [pet-clinic-backend] [  restartedMain] c.p.backend.PetClinicBackendApplication  : The following 1 profile is active: "dev"
2026-01-29T14:48:33.835+05:30  INFO 58195 --- [pet-clinic-backend] [  restartedMain] .s.d.r.c.RepositoryConfigurationDelegate : Bootstrapping Spring Data JPA repositories in DEFAULT mode.
2026-01-29T14:48:33.843+05:30  INFO 58195 --- [pet-clinic-backend] [  restartedMain] .s.d.r.c.RepositoryConfigurationDelegate : Finished Spring Data repository scanning in 7 ms. Found 4 JPA repository interfaces.
2026-01-29T14:48:33.991+05:30  INFO 58195 --- [pet-clinic-backend] [  restartedMain] o.s.b.w.embedded.tomcat.TomcatWebServer  : Tomcat initialized with port 8081 (http)
2026-01-29T14:48:33.992+05:30  INFO 58195 --- [pet-clinic-backend] [  restartedMain] o.apache.catalina.core.StandardService   : Starting service [Tomcat]
2026-01-29T14:48:33.992+05:30  INFO 58195 --- [pet-clinic-backend] [  restartedMain] o.apache.catalina.core.StandardEngine    : Starting Servlet engine: [Apache Tomcat/10.1.17]
2026-01-29T14:48:34.038+05:30  INFO 58195 --- [pet-clinic-backend] [  restartedMain] o.a.c.c.C.[Tomcat-1].[localhost].[/api]  : Initializing Spring embedded WebApplicationContext
2026-01-29T14:48:34.038+05:30  INFO 58195 --- [pet-clinic-backend] [  restartedMain] w.s.c.ServletWebServerApplicationContext : Root WebApplicationContext: initialization completed in 461 ms
2026-01-29T14:48:34.269+05:30  INFO 58195 --- [pet-clinic-backend] [  restartedMain] com.zaxxer.hikari.HikariDataSource       : HikariPool-17 - Starting...
2026-01-29T14:48:34.279+05:30  INFO 58195 --- [pet-clinic-backend] [  restartedMain] com.zaxxer.hikari.pool.HikariPool        : HikariPool-17 - Added connection com.mysql.cj.jdbc.ConnectionImpl@3b0f6c06
2026-01-29T14:48:34.279+05:30  INFO 58195 --- [pet-clinic-backend] [  restartedMain] com.zaxxer.hikari.HikariDataSource       : HikariPool-17 - Start completed.
2026-01-29T14:48:34.306+05:30  INFO 58195 --- [pet-clinic-backend] [  restartedMain] o.hibernate.jpa.internal.util.LogHelper  : HHH000204: Processing PersistenceUnitInfo [name: default]
2026-01-29T14:48:34.308+05:30  INFO 58195 --- [pet-clinic-backend] [  restartedMain] o.h.c.internal.RegionFactoryInitiator    : HHH000026: Second-level cache disabled
2026-01-29T14:48:34.311+05:30  INFO 58195 --- [pet-clinic-backend] [  restartedMain] o.s.o.j.p.SpringPersistenceUnitInfo      : No LoadTimeWeaver setup: ignoring JPA class transformer
2026-01-29T14:48:34.312+05:30  WARN 58195 --- [pet-clinic-backend] [  restartedMain] org.hibernate.orm.deprecation            : HHH90000025: MySQL8Dialect does not need to be specified explicitly using 'hibernate.dialect' (remove the property setting and it will be selected by default)
2026-01-29T14:48:34.312+05:30  WARN 58195 --- [pet-clinic-backend] [  restartedMain] org.hibernate.orm.deprecation            : HHH90000026: MySQL8Dialect has been deprecated; use org.hibernate.dialect.MySQLDialect instead
2026-01-29T14:48:34.407+05:30  INFO 58195 --- [pet-clinic-backend] [  restartedMain] o.h.e.t.j.p.i.JtaPlatformInitiator       : HHH000489: No JTA platform available (set 'hibernate.transaction.jta.platform' to enable JTA platform integration)
2026-01-29T14:48:34.436+05:30  INFO 58195 --- [pet-clinic-backend] [  restartedMain] j.LocalContainerEntityManagerFactoryBean : Initialized JPA EntityManagerFactory for persistence unit 'default'
2026-01-29T14:48:34.947+05:30  WARN 58195 --- [pet-clinic-backend] [  restartedMain] JpaBaseConfiguration$JpaWebConfiguration : spring.jpa.open-in-view is enabled by default. Therefore, database queries may be performed during view rendering. Explicitly configure spring.jpa.open-in-view to disable this warning
2026-01-29T14:48:34.971+05:30  WARN 58195 --- [pet-clinic-backend] [  restartedMain] .s.s.UserDetailsServiceAutoConfiguration : 

Using generated security password: 4c329ff5-6f8d-49fc-a3c1-8f26914fa446

This generated password is for development use only. Your security configuration must be updated before running your application in production.

2026-01-29T14:48:35.091+05:30  INFO 58195 --- [pet-clinic-backend] [  restartedMain] o.s.b.a.e.web.EndpointLinksResolver      : Exposing 3 endpoint(s) beneath base path '/actuator'
2026-01-29T14:48:35.123+05:30  INFO 58195 --- [pet-clinic-backend] [  restartedMain] o.s.s.web.DefaultSecurityFilterChain     : Will secure any request with [org.springframework.security.web.session.DisableEncodeUrlFilter@ad8da5f, org.springframework.security.web.context.request.async.WebAsyncManagerIntegrationFilter@69f8a8da, org.springframework.security.web.context.SecurityContextHolderFilter@4e14f6f8, org.springframework.security.web.header.HeaderWriterFilter@6097da9e, org.springframework.web.filter.CorsFilter@26bb658e, org.springframework.security.web.authentication.logout.LogoutFilter@2ecd38c4, org.springframework.security.web.savedrequest.RequestCacheAwareFilter@72bf7c1f, org.springframework.security.web.servletapi.SecurityContextHolderAwareRequestFilter@75d059e2, org.springframework.security.web.authentication.AnonymousAuthenticationFilter@371137a2, org.springframework.security.web.session.SessionManagementFilter@22010591, org.springframework.security.web.access.ExceptionTranslationFilter@70613bf4, org.springframework.security.web.access.intercept.AuthorizationFilter@1317184c]
2026-01-29T14:48:35.272+05:30  INFO 58195 --- [pet-clinic-backend] [  restartedMain] o.s.b.d.a.OptionalLiveReloadServer       : LiveReload server is running on port 35729
2026-01-29T14:48:35.307+05:30  INFO 58195 --- [pet-clinic-backend] [  restartedMain] o.s.b.w.embedded.tomcat.TomcatWebServer  : Tomcat started on port 8081 (http) with context path '/api'
2026-01-29T14:48:35.311+05:30  INFO 58195 --- [pet-clinic-backend] [  restartedMain] c.p.backend.PetClinicBackendApplication  : Started PetClinicBackendApplication in 1.786 seconds (process running for 6685.585)
2026-01-29T14:48:35.312+05:30  INFO 58195 --- [pet-clinic-backend] [  restartedMain] .ConditionEvaluationDeltaLoggingListener : Condition evaluation unchanged
2026-01-29T14:49:27.140+05:30  INFO 58195 --- [pet-clinic-backend] [   File Watcher] rtingClassPathChangeChangedEventListener : Restarting due to 16 class path changes (0 additions, 16 deletions, 0 modifications)
2026-01-29T14:49:27.162+05:30  INFO 58195 --- [pet-clinic-backend] [      Thread-79] j.LocalContainerEntityManagerFactoryBean : Closing JPA EntityManagerFactory for persistence unit 'default'
2026-01-29T14:49:27.165+05:30  INFO 58195 --- [pet-clinic-backend] [      Thread-79] com.zaxxer.hikari.HikariDataSource       : HikariPool-17 - Shutdown initiated...
2026-01-29T14:49:27.167+05:30  INFO 58195 --- [pet-clinic-backend] [      Thread-79] com.zaxxer.hikari.HikariDataSource       : HikariPool-17 - Shutdown completed.

  .   ____          _            __ _ _
 /\\ / ___'_ __ _ _(_)_ __  __ _ \ \ \ \
( ( )\___ | '_ | '_| | '_ \/ _` | \ \ \ \
 \\/  ___)| |_)| | | | | || (_| |  ) ) ) )
  '  |____| .__|_| |_|_| |_\__, | / / / /
 =========|_|==============|___/=/_/_/_/
 :: Spring Boot ::                (v3.2.1)

2026-01-29T14:49:27.273+05:30  INFO 58195 --- [pet-clinic-backend] [  restartedMain] c.p.backend.PetClinicBackendApplication  : Starting PetClinicBackendApplication using Java 21.0.1 with PID 58195 (/Users/Vivek/Desktop/Cloud & Devops/pet-clinic-cicd-pipeline/pet-clinic-app/pet-clinic-backend/target/classes started by Vivek in /Users/Vivek/Desktop/Cloud & Devops/pet-clinic-cicd-pipeline/pet-clinic-app/pet-clinic-backend)
2026-01-29T14:49:27.273+05:30 DEBUG 58195 --- [pet-clinic-backend] [  restartedMain] c.p.backend.PetClinicBackendApplication  : Running with Spring Boot v3.2.1, Spring v6.1.2
2026-01-29T14:49:27.273+05:30  INFO 58195 --- [pet-clinic-backend] [  restartedMain] c.p.backend.PetClinicBackendApplication  : The following 1 profile is active: "dev"
2026-01-29T14:49:27.366+05:30  INFO 58195 --- [pet-clinic-backend] [  restartedMain] .s.d.r.c.RepositoryConfigurationDelegate : Bootstrapping Spring Data JPA repositories in DEFAULT mode.
2026-01-29T14:49:27.366+05:30  INFO 58195 --- [pet-clinic-backend] [  restartedMain] .s.d.r.c.RepositoryConfigurationDelegate : Finished Spring Data repository scanning in 0 ms. Found 0 JPA repository interfaces.
2026-01-29T14:49:27.382+05:30  WARN 58195 --- [pet-clinic-backend] [  restartedMain] ConfigServletWebServerApplicationContext : Exception encountered during context initialization - cancelling refresh attempt: java.lang.NullPointerException: Cannot read field "generatedClass" because "data" is null
2026-01-29T14:49:27.386+05:30  INFO 58195 --- [pet-clinic-backend] [  restartedMain] .s.b.a.l.ConditionEvaluationReportLogger : 

Error starting ApplicationContext. To display the condition evaluation report re-run your application with 'debug' enabled.
2026-01-29T14:49:27.386+05:30 ERROR 58195 --- [pet-clinic-backend] [  restartedMain] o.s.boot.SpringApplication               : Application run failed

java.lang.NullPointerException: Cannot read field "generatedClass" because "data" is null
	at org.springframework.cglib.proxy.Enhancer.nextInstance(Enhancer.java:783) ~[spring-core-6.1.2.jar:6.1.2]
	at org.springframework.cglib.core.AbstractClassGenerator.create(AbstractClassGenerator.java:321) ~[spring-core-6.1.2.jar:6.1.2]
	at org.springframework.cglib.proxy.Enhancer.createHelper(Enhancer.java:562) ~[spring-core-6.1.2.jar:6.1.2]
	at org.springframework.cglib.proxy.Enhancer.createClass(Enhancer.java:407) ~[spring-core-6.1.2.jar:6.1.2]
	at org.springframework.context.annotation.ConfigurationClassEnhancer.createClass(ConfigurationClassEnhancer.java:138) ~[spring-context-6.1.2.jar:6.1.2]
	at org.springframework.context.annotation.ConfigurationClassEnhancer.enhance(ConfigurationClassEnhancer.java:109) ~[spring-context-6.1.2.jar:6.1.2]
	at org.springframework.context.annotation.ConfigurationClassPostProcessor.enhanceConfigurationClasses(ConfigurationClassPostProcessor.java:533) ~[spring-context-6.1.2.jar:6.1.2]
	at org.springframework.context.annotation.ConfigurationClassPostProcessor.postProcessBeanFactory(ConfigurationClassPostProcessor.java:310) ~[spring-context-6.1.2.jar:6.1.2]
	at org.springframework.context.support.PostProcessorRegistrationDelegate.invokeBeanFactoryPostProcessors(PostProcessorRegistrationDelegate.java:363) ~[spring-context-6.1.2.jar:6.1.2]
	at org.springframework.context.support.PostProcessorRegistrationDelegate.invokeBeanFactoryPostProcessors(PostProcessorRegistrationDelegate.java:153) ~[spring-context-6.1.2.jar:6.1.2]
	at org.springframework.context.support.AbstractApplicationContext.invokeBeanFactoryPostProcessors(AbstractApplicationContext.java:789) ~[spring-context-6.1.2.jar:6.1.2]
	at org.springframework.context.support.AbstractApplicationContext.refresh(AbstractApplicationContext.java:606) ~[spring-context-6.1.2.jar:6.1.2]
	at org.springframework.boot.web.servlet.context.ServletWebServerApplicationContext.refresh(ServletWebServerApplicationContext.java:146) ~[spring-boot-3.2.1.jar:3.2.1]
	at org.springframework.boot.SpringApplication.refresh(SpringApplication.java:762) ~[spring-boot-3.2.1.jar:3.2.1]
	at org.springframework.boot.SpringApplication.refreshContext(SpringApplication.java:464) ~[spring-boot-3.2.1.jar:3.2.1]
	at org.springframework.boot.SpringApplication.run(SpringApplication.java:334) ~[spring-boot-3.2.1.jar:3.2.1]
	at org.springframework.boot.SpringApplication.run(SpringApplication.java:1358) ~[spring-boot-3.2.1.jar:3.2.1]
	at org.springframework.boot.SpringApplication.run(SpringApplication.java:1347) ~[spring-boot-3.2.1.jar:3.2.1]
	at com.petclinic.backend.PetClinicBackendApplication.main(PetClinicBackendApplication.java:14) ~[classes/:na]
	at java.base/jdk.internal.reflect.DirectMethodHandleAccessor.invoke(DirectMethodHandleAccessor.java:103) ~[na:na]
	at java.base/java.lang.reflect.Method.invoke(Method.java:580) ~[na:na]
	at org.springframework.boot.devtools.restart.RestartLauncher.run(RestartLauncher.java:50) ~[spring-boot-devtools-3.2.1.jar:3.2.1]


  .   ____          _            __ _ _
 /\\ / ___'_ __ _ _(_)_ __  __ _ \ \ \ \
( ( )\___ | '_ | '_| | '_ \/ _` | \ \ \ \
 \\/  ___)| |_)| | | | | || (_| |  ) ) ) )
  '  |____| .__|_| |_|_| |_\__, | / / / /
 =========|_|==============|___/=/_/_/_/
 :: Spring Boot ::                (v3.2.1)

2026-01-29T14:54:11.875+05:30  INFO 58195 --- [pet-clinic-backend] [  restartedMain] c.p.backend.PetClinicBackendApplication  : Starting PetClinicBackendApplication using Java 21.0.1 with PID 58195 (/Users/Vivek/Desktop/Cloud & Devops/pet-clinic-cicd-pipeline/pet-clinic-app/pet-clinic-backend/target/classes started by Vivek in /Users/Vivek/Desktop/Cloud & Devops/pet-clinic-cicd-pipeline/pet-clinic-app/pet-clinic-backend)
2026-01-29T14:54:11.875+05:30 DEBUG 58195 --- [pet-clinic-backend] [  restartedMain] c.p.backend.PetClinicBackendApplication  : Running with Spring Boot v3.2.1, Spring v6.1.2
2026-01-29T14:54:11.875+05:30  INFO 58195 --- [pet-clinic-backend] [  restartedMain] c.p.backend.PetClinicBackendApplication  : The following 1 profile is active: "dev"
2026-01-29T14:54:12.116+05:30  INFO 58195 --- [pet-clinic-backend] [  restartedMain] .s.d.r.c.RepositoryConfigurationDelegate : Bootstrapping Spring Data JPA repositories in DEFAULT mode.
2026-01-29T14:54:12.124+05:30  INFO 58195 --- [pet-clinic-backend] [  restartedMain] .s.d.r.c.RepositoryConfigurationDelegate : Finished Spring Data repository scanning in 8 ms. Found 4 JPA repository interfaces.
2026-01-29T14:54:12.276+05:30  INFO 58195 --- [pet-clinic-backend] [  restartedMain] o.s.b.w.embedded.tomcat.TomcatWebServer  : Tomcat initialized with port 8081 (http)
2026-01-29T14:54:12.278+05:30  INFO 58195 --- [pet-clinic-backend] [  restartedMain] o.apache.catalina.core.StandardService   : Starting service [Tomcat]
2026-01-29T14:54:12.278+05:30  INFO 58195 --- [pet-clinic-backend] [  restartedMain] o.apache.catalina.core.StandardEngine    : Starting Servlet engine: [Apache Tomcat/10.1.17]
2026-01-29T14:54:12.292+05:30  INFO 58195 --- [pet-clinic-backend] [  restartedMain] o.a.c.c.C.[Tomcat-1].[localhost].[/api]  : Initializing Spring embedded WebApplicationContext
2026-01-29T14:54:12.292+05:30  INFO 58195 --- [pet-clinic-backend] [  restartedMain] w.s.c.ServletWebServerApplicationContext : Root WebApplicationContext: initialization completed in 416 ms
2026-01-29T14:54:12.365+05:30  INFO 58195 --- [pet-clinic-backend] [  restartedMain] com.zaxxer.hikari.HikariDataSource       : HikariPool-18 - Starting...
2026-01-29T14:54:13.195+05:30  INFO 58195 --- [pet-clinic-backend] [  restartedMain] com.zaxxer.hikari.pool.HikariPool        : HikariPool-18 - Added connection com.mysql.cj.jdbc.ConnectionImpl@694da4e0
2026-01-29T14:54:13.195+05:30  INFO 58195 --- [pet-clinic-backend] [  restartedMain] com.zaxxer.hikari.HikariDataSource       : HikariPool-18 - Start completed.
2026-01-29T14:54:13.239+05:30  INFO 58195 --- [pet-clinic-backend] [  restartedMain] o.hibernate.jpa.internal.util.LogHelper  : HHH000204: Processing PersistenceUnitInfo [name: default]
2026-01-29T14:54:13.243+05:30  INFO 58195 --- [pet-clinic-backend] [  restartedMain] o.h.c.internal.RegionFactoryInitiator    : HHH000026: Second-level cache disabled
2026-01-29T14:54:13.249+05:30  INFO 58195 --- [pet-clinic-backend] [  restartedMain] o.s.o.j.p.SpringPersistenceUnitInfo      : No LoadTimeWeaver setup: ignoring JPA class transformer
2026-01-29T14:54:13.251+05:30  WARN 58195 --- [pet-clinic-backend] [  restartedMain] org.hibernate.orm.deprecation            : HHH90000025: MySQL8Dialect does not need to be specified explicitly using 'hibernate.dialect' (remove the property setting and it will be selected by default)
2026-01-29T14:54:13.251+05:30  WARN 58195 --- [pet-clinic-backend] [  restartedMain] org.hibernate.orm.deprecation            : HHH90000026: MySQL8Dialect has been deprecated; use org.hibernate.dialect.MySQLDialect instead
2026-01-29T14:54:13.301+05:30  INFO 58195 --- [pet-clinic-backend] [  restartedMain] o.h.e.t.j.p.i.JtaPlatformInitiator       : HHH000489: No JTA platform available (set 'hibernate.transaction.jta.platform' to enable JTA platform integration)
2026-01-29T14:54:13.547+05:30  INFO 58195 --- [pet-clinic-backend] [  restartedMain] j.LocalContainerEntityManagerFactoryBean : Initialized JPA EntityManagerFactory for persistence unit 'default'
2026-01-29T14:54:13.859+05:30  WARN 58195 --- [pet-clinic-backend] [  restartedMain] JpaBaseConfiguration$JpaWebConfiguration : spring.jpa.open-in-view is enabled by default. Therefore, database queries may be performed during view rendering. Explicitly configure spring.jpa.open-in-view to disable this warning
2026-01-29T14:54:13.884+05:30  WARN 58195 --- [pet-clinic-backend] [  restartedMain] .s.s.UserDetailsServiceAutoConfiguration : 

Using generated security password: 177b1edb-5292-41f6-aeb7-fe093529d727

This generated password is for development use only. Your security configuration must be updated before running your application in production.

2026-01-29T14:54:14.013+05:30  INFO 58195 --- [pet-clinic-backend] [  restartedMain] o.s.b.a.e.web.EndpointLinksResolver      : Exposing 3 endpoint(s) beneath base path '/actuator'
2026-01-29T14:54:14.037+05:30  INFO 58195 --- [pet-clinic-backend] [  restartedMain] o.s.s.web.DefaultSecurityFilterChain     : Will secure any request with [org.springframework.security.web.session.DisableEncodeUrlFilter@6e7e943b, org.springframework.security.web.context.request.async.WebAsyncManagerIntegrationFilter@25a87858, org.springframework.security.web.context.SecurityContextHolderFilter@5197b21f, org.springframework.security.web.header.HeaderWriterFilter@385b0101, org.springframework.web.filter.CorsFilter@5ac53a31, org.springframework.security.web.authentication.logout.LogoutFilter@590105d7, org.springframework.security.web.savedrequest.RequestCacheAwareFilter@1773c0a2, org.springframework.security.web.servletapi.SecurityContextHolderAwareRequestFilter@376ba07b, org.springframework.security.web.authentication.AnonymousAuthenticationFilter@60759bac, org.springframework.security.web.session.SessionManagementFilter@c6aa5cf, org.springframework.security.web.access.ExceptionTranslationFilter@5b479873, org.springframework.security.web.access.intercept.AuthorizationFilter@79d803c8]
2026-01-29T14:54:14.250+05:30  INFO 58195 --- [pet-clinic-backend] [  restartedMain] o.s.b.d.a.OptionalLiveReloadServer       : LiveReload server is running on port 35729
2026-01-29T14:54:14.261+05:30  INFO 58195 --- [pet-clinic-backend] [  restartedMain] o.s.b.w.embedded.tomcat.TomcatWebServer  : Tomcat started on port 8081 (http) with context path '/api'
2026-01-29T14:54:14.265+05:30  INFO 58195 --- [pet-clinic-backend] [  restartedMain] c.p.backend.PetClinicBackendApplication  : Started PetClinicBackendApplication in 2.424 seconds (process running for 7024.538)
2026-01-29T14:54:14.266+05:30  INFO 58195 --- [pet-clinic-backend] [  restartedMain] .ConditionEvaluationDeltaLoggingListener : Condition evaluation unchanged
2026-01-29T14:54:28.782+05:30  INFO 58195 --- [pet-clinic-backend] [   File Watcher] rtingClassPathChangeChangedEventListener : Restarting due to 16 class path changes (0 additions, 16 deletions, 0 modifications)
2026-01-29T14:54:28.812+05:30  INFO 58195 --- [pet-clinic-backend] [      Thread-86] j.LocalContainerEntityManagerFactoryBean : Closing JPA EntityManagerFactory for persistence unit 'default'
2026-01-29T14:54:28.815+05:30  INFO 58195 --- [pet-clinic-backend] [      Thread-86] com.zaxxer.hikari.HikariDataSource       : HikariPool-18 - Shutdown initiated...
2026-01-29T14:54:28.818+05:30  INFO 58195 --- [pet-clinic-backend] [      Thread-86] com.zaxxer.hikari.HikariDataSource       : HikariPool-18 - Shutdown completed.

  .   ____          _            __ _ _
 /\\ / ___'_ __ _ _(_)_ __  __ _ \ \ \ \
( ( )\___ | '_ | '_| | '_ \/ _` | \ \ \ \
 \\/  ___)| |_)| | | | | || (_| |  ) ) ) )
  '  |____| .__|_| |_|_| |_\__, | / / / /
 =========|_|==============|___/=/_/_/_/
 :: Spring Boot ::                (v3.2.1)

2026-01-29T14:54:28.910+05:30  INFO 58195 --- [pet-clinic-backend] [  restartedMain] c.p.backend.PetClinicBackendApplication  : Starting PetClinicBackendApplication using Java 21.0.1 with PID 58195 (/Users/Vivek/Desktop/Cloud & Devops/pet-clinic-cicd-pipeline/pet-clinic-app/pet-clinic-backend/target/classes started by Vivek in /Users/Vivek/Desktop/Cloud & Devops/pet-clinic-cicd-pipeline/pet-clinic-app/pet-clinic-backend)
2026-01-29T14:54:28.910+05:30 DEBUG 58195 --- [pet-clinic-backend] [  restartedMain] c.p.backend.PetClinicBackendApplication  : Running with Spring Boot v3.2.1, Spring v6.1.2
2026-01-29T14:54:28.910+05:30  INFO 58195 --- [pet-clinic-backend] [  restartedMain] c.p.backend.PetClinicBackendApplication  : The following 1 profile is active: "dev"
2026-01-29T14:54:29.013+05:30  INFO 58195 --- [pet-clinic-backend] [  restartedMain] .s.d.r.c.RepositoryConfigurationDelegate : Bootstrapping Spring Data JPA repositories in DEFAULT mode.
2026-01-29T14:54:29.013+05:30  INFO 58195 --- [pet-clinic-backend] [  restartedMain] .s.d.r.c.RepositoryConfigurationDelegate : Finished Spring Data repository scanning in 0 ms. Found 0 JPA repository interfaces.
2026-01-29T14:54:29.028+05:30  WARN 58195 --- [pet-clinic-backend] [  restartedMain] ConfigServletWebServerApplicationContext : Exception encountered during context initialization - cancelling refresh attempt: java.lang.NullPointerException: Cannot read field "generatedClass" because "data" is null
2026-01-29T14:54:29.033+05:30  INFO 58195 --- [pet-clinic-backend] [  restartedMain] .s.b.a.l.ConditionEvaluationReportLogger : 

Error starting ApplicationContext. To display the condition evaluation report re-run your application with 'debug' enabled.
2026-01-29T14:54:29.034+05:30 ERROR 58195 --- [pet-clinic-backend] [  restartedMain] o.s.boot.SpringApplication               : Application run failed

java.lang.NullPointerException: Cannot read field "generatedClass" because "data" is null
	at org.springframework.cglib.proxy.Enhancer.nextInstance(Enhancer.java:783) ~[spring-core-6.1.2.jar:6.1.2]
	at org.springframework.cglib.core.AbstractClassGenerator.create(AbstractClassGenerator.java:321) ~[spring-core-6.1.2.jar:6.1.2]
	at org.springframework.cglib.proxy.Enhancer.createHelper(Enhancer.java:562) ~[spring-core-6.1.2.jar:6.1.2]
	at org.springframework.cglib.proxy.Enhancer.createClass(Enhancer.java:407) ~[spring-core-6.1.2.jar:6.1.2]
	at org.springframework.context.annotation.ConfigurationClassEnhancer.createClass(ConfigurationClassEnhancer.java:138) ~[spring-context-6.1.2.jar:6.1.2]
	at org.springframework.context.annotation.ConfigurationClassEnhancer.enhance(ConfigurationClassEnhancer.java:109) ~[spring-context-6.1.2.jar:6.1.2]
	at org.springframework.context.annotation.ConfigurationClassPostProcessor.enhanceConfigurationClasses(ConfigurationClassPostProcessor.java:533) ~[spring-context-6.1.2.jar:6.1.2]
	at org.springframework.context.annotation.ConfigurationClassPostProcessor.postProcessBeanFactory(ConfigurationClassPostProcessor.java:310) ~[spring-context-6.1.2.jar:6.1.2]
	at org.springframework.context.support.PostProcessorRegistrationDelegate.invokeBeanFactoryPostProcessors(PostProcessorRegistrationDelegate.java:363) ~[spring-context-6.1.2.jar:6.1.2]
	at org.springframework.context.support.PostProcessorRegistrationDelegate.invokeBeanFactoryPostProcessors(PostProcessorRegistrationDelegate.java:153) ~[spring-context-6.1.2.jar:6.1.2]
	at org.springframework.context.support.AbstractApplicationContext.invokeBeanFactoryPostProcessors(AbstractApplicationContext.java:789) ~[spring-context-6.1.2.jar:6.1.2]
	at org.springframework.context.support.AbstractApplicationContext.refresh(AbstractApplicationContext.java:606) ~[spring-context-6.1.2.jar:6.1.2]
	at org.springframework.boot.web.servlet.context.ServletWebServerApplicationContext.refresh(ServletWebServerApplicationContext.java:146) ~[spring-boot-3.2.1.jar:3.2.1]
	at org.springframework.boot.SpringApplication.refresh(SpringApplication.java:762) ~[spring-boot-3.2.1.jar:3.2.1]
	at org.springframework.boot.SpringApplication.refreshContext(SpringApplication.java:464) ~[spring-boot-3.2.1.jar:3.2.1]
	at org.springframework.boot.SpringApplication.run(SpringApplication.java:334) ~[spring-boot-3.2.1.jar:3.2.1]
	at org.springframework.boot.SpringApplication.run(SpringApplication.java:1358) ~[spring-boot-3.2.1.jar:3.2.1]
	at org.springframework.boot.SpringApplication.run(SpringApplication.java:1347) ~[spring-boot-3.2.1.jar:3.2.1]
	at com.petclinic.backend.PetClinicBackendApplication.main(PetClinicBackendApplication.java:14) ~[classes/:na]
	at java.base/jdk.internal.reflect.DirectMethodHandleAccessor.invoke(DirectMethodHandleAccessor.java:103) ~[na:na]
	at java.base/java.lang.reflect.Method.invoke(Method.java:580) ~[na:na]
	at org.springframework.boot.devtools.restart.RestartLauncher.run(RestartLauncher.java:50) ~[spring-boot-devtools-3.2.1.jar:3.2.1]


  .   ____          _            __ _ _
 /\\ / ___'_ __ _ _(_)_ __  __ _ \ \ \ \
( ( )\___ | '_ | '_| | '_ \/ _` | \ \ \ \
 \\/  ___)| |_)| | | | | || (_| |  ) ) ) )
  '  |____| .__|_| |_|_| |_\__, | / / / /
 =========|_|==============|___/=/_/_/_/
 :: Spring Boot ::                (v3.2.1)

2026-01-29T14:57:02.148+05:30  INFO 58195 --- [pet-clinic-backend] [  restartedMain] c.p.backend.PetClinicBackendApplication  : Starting PetClinicBackendApplication using Java 21.0.1 with PID 58195 (/Users/Vivek/Desktop/Cloud & Devops/pet-clinic-cicd-pipeline/pet-clinic-app/pet-clinic-backend/target/classes started by Vivek in /Users/Vivek/Desktop/Cloud & Devops/pet-clinic-cicd-pipeline/pet-clinic-app/pet-clinic-backend)
2026-01-29T14:57:02.148+05:30 DEBUG 58195 --- [pet-clinic-backend] [  restartedMain] c.p.backend.PetClinicBackendApplication  : Running with Spring Boot v3.2.1, Spring v6.1.2
2026-01-29T14:57:02.148+05:30  INFO 58195 --- [pet-clinic-backend] [  restartedMain] c.p.backend.PetClinicBackendApplication  : The following 1 profile is active: "dev"
2026-01-29T14:57:02.304+05:30  INFO 58195 --- [pet-clinic-backend] [  restartedMain] .s.d.r.c.RepositoryConfigurationDelegate : Bootstrapping Spring Data JPA repositories in DEFAULT mode.
2026-01-29T14:57:02.312+05:30  INFO 58195 --- [pet-clinic-backend] [  restartedMain] .s.d.r.c.RepositoryConfigurationDelegate : Finished Spring Data repository scanning in 8 ms. Found 4 JPA repository interfaces.
2026-01-29T14:57:02.474+05:30  INFO 58195 --- [pet-clinic-backend] [  restartedMain] o.s.b.w.embedded.tomcat.TomcatWebServer  : Tomcat initialized with port 8081 (http)
2026-01-29T14:57:02.475+05:30  INFO 58195 --- [pet-clinic-backend] [  restartedMain] o.apache.catalina.core.StandardService   : Starting service [Tomcat]
2026-01-29T14:57:02.475+05:30  INFO 58195 --- [pet-clinic-backend] [  restartedMain] o.apache.catalina.core.StandardEngine    : Starting Servlet engine: [Apache Tomcat/10.1.17]
2026-01-29T14:57:02.487+05:30  INFO 58195 --- [pet-clinic-backend] [  restartedMain] o.a.c.c.C.[Tomcat-1].[localhost].[/api]  : Initializing Spring embedded WebApplicationContext
2026-01-29T14:57:02.487+05:30  INFO 58195 --- [pet-clinic-backend] [  restartedMain] w.s.c.ServletWebServerApplicationContext : Root WebApplicationContext: initialization completed in 338 ms
2026-01-29T14:57:02.554+05:30  INFO 58195 --- [pet-clinic-backend] [  restartedMain] com.zaxxer.hikari.HikariDataSource       : HikariPool-19 - Starting...
2026-01-29T14:57:02.687+05:30  INFO 58195 --- [pet-clinic-backend] [  restartedMain] com.zaxxer.hikari.pool.HikariPool        : HikariPool-19 - Added connection com.mysql.cj.jdbc.ConnectionImpl@4d645775
2026-01-29T14:57:02.687+05:30  INFO 58195 --- [pet-clinic-backend] [  restartedMain] com.zaxxer.hikari.HikariDataSource       : HikariPool-19 - Start completed.
2026-01-29T14:57:02.704+05:30  INFO 58195 --- [pet-clinic-backend] [  restartedMain] o.hibernate.jpa.internal.util.LogHelper  : HHH000204: Processing PersistenceUnitInfo [name: default]
2026-01-29T14:57:02.705+05:30  INFO 58195 --- [pet-clinic-backend] [  restartedMain] o.h.c.internal.RegionFactoryInitiator    : HHH000026: Second-level cache disabled
2026-01-29T14:57:02.706+05:30  INFO 58195 --- [pet-clinic-backend] [  restartedMain] o.s.o.j.p.SpringPersistenceUnitInfo      : No LoadTimeWeaver setup: ignoring JPA class transformer
2026-01-29T14:57:02.706+05:30  WARN 58195 --- [pet-clinic-backend] [  restartedMain] org.hibernate.orm.deprecation            : HHH90000025: MySQL8Dialect does not need to be specified explicitly using 'hibernate.dialect' (remove the property setting and it will be selected by default)
2026-01-29T14:57:02.706+05:30  WARN 58195 --- [pet-clinic-backend] [  restartedMain] org.hibernate.orm.deprecation            : HHH90000026: MySQL8Dialect has been deprecated; use org.hibernate.dialect.MySQLDialect instead
2026-01-29T14:57:02.735+05:30  INFO 58195 --- [pet-clinic-backend] [  restartedMain] o.h.e.t.j.p.i.JtaPlatformInitiator       : HHH000489: No JTA platform available (set 'hibernate.transaction.jta.platform' to enable JTA platform integration)
2026-01-29T14:57:02.926+05:30  INFO 58195 --- [pet-clinic-backend] [  restartedMain] j.LocalContainerEntityManagerFactoryBean : Initialized JPA EntityManagerFactory for persistence unit 'default'
2026-01-29T14:57:03.257+05:30  WARN 58195 --- [pet-clinic-backend] [  restartedMain] JpaBaseConfiguration$JpaWebConfiguration : spring.jpa.open-in-view is enabled by default. Therefore, database queries may be performed during view rendering. Explicitly configure spring.jpa.open-in-view to disable this warning
2026-01-29T14:57:03.272+05:30  WARN 58195 --- [pet-clinic-backend] [  restartedMain] .s.s.UserDetailsServiceAutoConfiguration : 

Using generated security password: 288e0961-dd50-42b8-8485-321e4714bf7b

This generated password is for development use only. Your security configuration must be updated before running your application in production.

2026-01-29T14:57:03.424+05:30  INFO 58195 --- [pet-clinic-backend] [  restartedMain] o.s.b.a.e.web.EndpointLinksResolver      : Exposing 3 endpoint(s) beneath base path '/actuator'
2026-01-29T14:57:03.472+05:30  INFO 58195 --- [pet-clinic-backend] [  restartedMain] o.s.s.web.DefaultSecurityFilterChain     : Will secure any request with [org.springframework.security.web.session.DisableEncodeUrlFilter@99f8166, org.springframework.security.web.context.request.async.WebAsyncManagerIntegrationFilter@3e8d2198, org.springframework.security.web.context.SecurityContextHolderFilter@1c025bdb, org.springframework.security.web.header.HeaderWriterFilter@38642327, org.springframework.web.filter.CorsFilter@36463968, org.springframework.security.web.authentication.logout.LogoutFilter@3d765ec7, org.springframework.security.web.savedrequest.RequestCacheAwareFilter@327edca9, org.springframework.security.web.servletapi.SecurityContextHolderAwareRequestFilter@69610a2, org.springframework.security.web.authentication.AnonymousAuthenticationFilter@1dc059c2, org.springframework.security.web.session.SessionManagementFilter@5cf94b23, org.springframework.security.web.access.ExceptionTranslationFilter@5a08fade, org.springframework.security.web.access.intercept.AuthorizationFilter@17d2a088]
2026-01-29T14:57:03.607+05:30  INFO 58195 --- [pet-clinic-backend] [  restartedMain] o.s.b.d.a.OptionalLiveReloadServer       : LiveReload server is running on port 35729
2026-01-29T14:57:03.616+05:30  INFO 58195 --- [pet-clinic-backend] [  restartedMain] o.s.b.w.embedded.tomcat.TomcatWebServer  : Tomcat started on port 8081 (http) with context path '/api'
2026-01-29T14:57:03.621+05:30  INFO 58195 --- [pet-clinic-backend] [  restartedMain] c.p.backend.PetClinicBackendApplication  : Started PetClinicBackendApplication in 1.494 seconds (process running for 7193.893)
2026-01-29T14:57:03.622+05:30  INFO 58195 --- [pet-clinic-backend] [  restartedMain] .ConditionEvaluationDeltaLoggingListener : Condition evaluation unchanged
[INFO] ------------------------------------------------------------------------
[INFO] BUILD FAILURE
[INFO] ------------------------------------------------------------------------
[INFO] Total time:  02:01 h
[INFO] Finished at: 2026-01-29T14:58:39+05:30
[INFO] ------------------------------------------------------------------------
[ERROR] Failed to execute goal org.springframework.boot:spring-boot-maven-plugin:3.2.1:run (default-cli) on project pet-clinic-backend: Process terminated with exit code: 137 -> [Help 1]
[ERROR] 
[ERROR] To see the full stack trace of the errors, re-run Maven with the -e switch.
[ERROR] Re-run Maven using the -X switch to enable full debug logging.
[ERROR] 
[ERROR] For more information about the errors and possible solutions, please read the following articles:
[ERROR] [Help 1] http://cwiki.apache.org/confluence/display/MAVEN/MojoExecutionException
